e_kentanmoz;Kentanmoz;Kentanmoz;Kentanmoz;Kentanmoz;Kentanmoz;Kentanmoz;Kentanmoz;Kentanmoz;Kentanmoz;Kentanmoz;Kentanmoz;Kentanmoz;Kentanmoz;x
e_kentanmoz_adj;Kentanmoz;ZKentanmoz;Kentanmoz;Kentanmoz;Kentanmoz;Kentanmoz;Kentanmoz;Kentanmoz;Kentanmoz;Kentanmoz;Kentanmoz;Kentanmoz;Kentanmoz;x
k_kenya;Kenya;Kenya;Kenya;Kenya;Kenya;Kenya;Kenya;Kenya;Kenya;Kenya;Kenya;Kenya;Kenya;x
k_kenya_adj;Kenya;Kenya;Kenya;Kenya;Kenya;Kenya;Kenya;Kenya;Kenya;Kenya;Kenya;Kenya;Kenya;x
d_mukharata;Mukharata;Mukharata;Mukharata;Mukharata;Mukharata;Mukharata;Mukharata;Mukharata;Mukharata;Mukharata;Mukharata;Mukharata;Mukharata;x
d_mukharata_adj;Mukharata;Mukharata;Mukharata;Mukharata;Mukharata;Mukharata;Mukharata;Mukharata;Mukharata;Mukharata;Mukharata;Mukharata;Mukharata;x
c_western;Western;;Western;Western;Western;Western;Western;Western;Western;Western;Western;Western;Western;Western;x
c_western_adj;Western;Western;Western;Western;Western;Western;Western;Western;Western;Western;Western;Western;Western;x
b_kakamega;Kakamega;Kakamega;Kakamega;Kakamega;Kakamega;Kakamega;Kakamega;Kakamega;Kakamega;Kakamega;Kakamega;Kakamega;Kakamega;x
b_butere;Butere;Butere;Butere;Butere;Butere;Butere;Butere;Butere;Butere;Butere;Butere;Butere;Butere;x
b_nizola;Nizola;Nizola;Nizola;Nizola;Nizola;Nizola;Nizola;Nizola;Nizola;Nizola;Nizola;Nizola;Nizola;x
b_makavuga;Makavuga;Makavuga;Makavuga;Makavuga;Makavuga;Makavuga;Makavuga;Makavuga;Makavuga;Makavuga;Makavuga;Makavuga;Makavuga;x
b_cucupuncu;Cucupuncu;Cucupuncu;Cucupuncu;Cucupuncu;Cucupuncu;Cucupuncu;Cucupuncu;Cucupuncu;Cucupuncu;Cucupuncu;Cucupuncu;Cucupuncu;Cucupuncu;x
b_brakbah;Brakbah;Brakbah;Brakbah;Brakbah;Brakbah;Brakbah;Brakbah;Brakbah;Brakbah;Brakbah;Brakbah;Brakbah;Brakbah;x
b_hasikisi;Mashava;Mashava;Mashava;Mashava;Mashava;Mashava;Mashava;Mashava;Mashava;Mashava;Mashava;Mashava;Mashava;x
b_hurumaru;Hasikisi;Hasikisi;Hasikisi;Hasikisi;Hasikisi;Hasikisi;Hasikisi;Hasikisi;Hasikisi;Hasikisi;Hasikisi;Hasikisi;Hasikisi;x
c_nyanza;Nyanza;Nyanza;Nyanza;Nyanza;Nyanza;Nyanza;Nyanza;Nyanza;Nyanza;Nyanza;Nyanza;Nyanza;Nyanza;x
c_nyanza_adj;Nyanza;Nyanza;Nyanza;Nyanza;Nyanza;Nyanza;Nyanza;Nyanza;Nyanza;Nyanza;Nyanza;Nyanza;Nyanza;x
b_kisumu;Kisumu;Kisumu;Kisumu;Kisumu;Kisumu;Kisumu;Kisumu;Kisumu;Kisumu;Kisumu;Kisumu;Kisumu;Kisumu;x
b_vicakoko;Vicakoko;Vicakoko;Vicakoko;Vicakoko;Vicakoko;Vicakoko;Vicakoko;Vicakoko;Vicakoko;Vicakoko;Vicakoko;Vicakoko;Vicakoko;x
b_zeknkha;Zeknkha;Zeknkha;Zeknkha;Zeknkha;Zeknkha;Zeknkha;Zeknkha;Zeknkha;Zeknkha;Zeknkha;Zeknkha;Zeknkha;Zeknkha;x
b_quaqanka;Quaqanka;Quaqanka;Quaqanka;Quaqanka;Quaqanka;Quaqanka;Quaqanka;Quaqanka;Quaqanka;Quaqanka;Quaqanka;Quaqanka;Quaqanka;x
b_wokomolo;Wokomolo;Wokomolo;Wokomolo;Wokomolo;Wokomolo;Wokomolo;Wokomolo;Wokomolo;Wokomolo;Wokomolo;Wokomolo;Wokomolo;Wokomolo;x
b_husipuki;Husipuki;Husipuki;Husipuki;Husipuki;Husipuki;Husipuki;Husipuki;Husipuki;Husipuki;Husipuki;Husipuki;Husipuki;Husipuki;x
b_zamazinej;Zamazinej;Zamazinej;Zamazinej;Zamazinej;Zamazinej;Zamazinej;Zamazinej;Zamazinej;Zamazinej;Zamazinej;Zamazinej;Zamazinej;Zamazinej;x
b_asketamo;Asketamo;Asketamo;Asketamo;Asketamo;Asketamo;Asketamo;Asketamo;Asketamo;Asketamo;Asketamo;Asketamo;Asketamo;Asketamo;x
c_rift_valley;Rift Valley;Rift Valley;Rift Valley;Rift Valley;Rift Valley;Rift Valley;Rift Valley;Rift Valley;Rift Valley;Rift Valley;Rift Valley;Rift Valley;Rift Valley;x
c_rift_valley_adj;Rift Valley;Rift Valley;Rift Valley;Rift Valley;Rift Valley;Rift Valley;Rift Valley;Rift Valley;Rift Valley;Rift Valley;Rift Valley;Rift Valley;Rift Valley;x
b_nakuru;Nakuru;Nakuru;Nakuru;Nakuru;Nakuru;Nakuru;Nakuru;Nakuru;Nakuru;Nakuru;Nakuru;Nakuru;Nakuru;x
b_kericho;Kericho;Kericho;Kericho;Kericho;Kericho;Kericho;Kericho;Kericho;Kericho;Kericho;Kericho;Kericho;Kericho;x
b_narok;Narok;Narok;Narok;Narok;Narok;Narok;Narok;Narok;Narok;Narok;Narok;Narok;Narok;x
b_magadi;Magadi;Magadi;Magadi;Magadi;Magadi;Magadi;Magadi;Magadi;Magadi;Magadi;Magadi;Magadi;Magadi;x
b_eldoret;Eldoret;Eldoret;Eldoret;Eldoret;Eldoret;Eldoret;Eldoret;Eldoret;Eldoret;Eldoret;Eldoret;Eldoret;Eldoret;x
b_lodwar;Lodwar;Lodwar;Lodwar;Lodwar;Lodwar;Lodwar;Lodwar;Lodwar;Lodwar;Lodwar;Lodwar;Lodwar;Lodwar;x
b_laklchoklo;Laklchoklo;Laklchoklo;Laklchoklo;Laklchoklo;Laklchoklo;Laklchoklo;Laklchoklo;Laklchoklo;Laklchoklo;Laklchoklo;Laklchoklo;Laklchoklo;Laklchoklo;x
b_rifota;Rifota;Rifota;Rifota;Rifota;Rifota;Rifota;Rifota;Rifota;Rifota;Rifota;Rifota;Rifota;Rifota;x
c_central;Central;Central;Central;Central;Central;Central;Central;Central;Central;Central;Central;Central;Central;x
c_central_adj;Central;Central;Central;Central;Central;Central;Central;Central;Central;Central;Central;Central;Central;x
b_nyeri;Nyeri;Nyeri;Nyeri;Nyeri;Nyeri;Nyeri;Nyeri;Nyeri;Nyeri;Nyeri;Nyeri;Nyeri;Nyeri;x
b_thika;Thika;Thika;Thika;Thika;Thika;Thika;Thika;Thika;Thika;Thika;Thika;Thika;Thika;x
b_nanyuid;Nanyuid;Nanyuid;Nanyuid;Nanyuid;Nanyuid;Nanyuid;Nanyuid;Nanyuid;Nanyuid;Nanyuid;Nanyuid;Nanyuid;Nanyuid;x
b_nyahururu;Nyahururu;Nyahururu;Nyahururu;Nyahururu;Nyahururu;Nyahururu;Nyahururu;Nyahururu;Nyahururu;Nyahururu;Nyahururu;Nyahururu;Nyahururu;x
b_fakomeno;Fakomeno;Fakomeno;Fakomeno;Fakomeno;Fakomeno;Fakomeno;Fakomeno;Fakomeno;Fakomeno;Fakomeno;Fakomeno;Fakomeno;Fakomeno;x
b_chamo;Chamo;Chamo;Chamo;Chamo;Chamo;Chamo;Chamo;Chamo;Chamo;Chamo;Chamo;Chamo;Chamo;x
b_nondama;Nondama;Nondama;Nondama;Nondama;Nondama;Nondama;Nondama;Nondama;Nondama;Nondama;Nondama;Nondama;Nondama;x
b_dukisaha;Dukisaha;Dukisaha;Dukisaha;Dukisaha;Dukisaha;Dukisaha;Dukisaha;Dukisaha;Dukisaha;Dukisaha;Dukisaha;Dukisaha;Dukisaha;x
d_zaopoi;Zaopoi;Zaopoi;Zaopoi;Zaopoi;Zaopoi;Zaopoi;Zaopoi;Zaopoi;Zaopoi;Zaopoi;Zaopoi;Zaopoi;Zaopoi;x
d_zaopoi_adj;Zaopoi;Zaopoi;Zaopoi;Zaopoi;Zaopoi;Zaopoi;Zaopoi;Zaopoi;Zaopoi;Zaopoi;Zaopoi;Zaopoi;Zaopoi;x
c_eastern;Eastern;Eastern;Eastern;Eastern;Eastern;Eastern;Eastern;Eastern;Eastern;Eastern;Eastern;Eastern;Eastern;x
c_eastern_adj;Eastern;Eastern;Eastern;Eastern;Eastern;Eastern;Eastern;Eastern;Eastern;Eastern;Eastern;Eastern;Eastern;x
b_embu;Embu;Embu;Embu;Embu;Embu;Embu;Embu;Embu;Embu;Embu;Embu;Embu;Embu;x
b_kindaruma;Kindaruma;Kindaruma;Kindaruma;Kindaruma;Kindaruma;Kindaruma;Kindaruma;Kindaruma;Kindaruma;Kindaruma;Kindaruma;Kindaruma;Kindaruma;x
b_islolo;Islolo;Islolo;Islolo;Islolo;Islolo;Islolo;Islolo;Islolo;Islolo;Islolo;Islolo;Islolo;Islolo;x
b_marsabit;Marsabit;Marsabit;Marsabit;Marsabit;Marsabit;Marsabit;Marsabit;Marsabit;Marsabit;Marsabit;Marsabit;Marsabit;Marsabit;x
b_moyale;Moyale;Moyale;Moyale;Moyale;Moyale;Moyale;Moyale;Moyale;Moyale;Moyale;Moyale;Moyale;Moyale;x
b_athlo;Athlo;Athlo;Athlo;Athlo;Athlo;Athlo;Athlo;Athlo;Athlo;Athlo;Athlo;Athlo;Athlo;x
b_eakomo;Eakomo;Eakomo;Eakomo;Eakomo;Eakomo;Eakomo;Eakomo;Eakomo;Eakomo;Eakomo;Eakomo;Eakomo;Eakomo;x
b_lusamaho;Lusamaho;Lusamaho;Lusamaho;Lusamaho;Lusamaho;Lusamaho;Lusamaho;Lusamaho;Lusamaho;Lusamaho;Lusamaho;Lusamaho;Lusamaho;x
c_north_eastern;North Eastern;North Eastern;North Eastern;North Eastern;North Eastern;North Eastern;North Eastern;North Eastern;North Eastern;North Eastern;North Eastern;North Eastern;North Eastern;x
c_north_eastern_adj;North Eastern;North Eastern;North Eastern;North Eastern;North Eastern;North Eastern;North Eastern;North Eastern;North Eastern;North Eastern;North Eastern;North Eastern;North Eastern;x
b_garissa;Garissa;Garissa;Garissa;Garissa;Garissa;Garissa;Garissa;Garissa;Garissa;Garissa;Garissa;Garissa;Garissa;x
b_wajlr;Wajlr;Wajlr;Wajlr;Wajlr;Wajlr;Wajlr;Wajlr;Wajlr;Wajlr;Wajlr;Wajlr;Wajlr;Wajlr;x
b_madogashi;Madogashi;Madogashi;Madogashi;Madogashi;Madogashi;Madogashi;Madogashi;Madogashi;Madogashi;Madogashi;Madogashi;Madogashi;Madogashi;x
b_ramu;Ramu;Ramu;Ramu;Ramu;Ramu;Ramu;Ramu;Ramu;Ramu;Ramu;Ramu;Ramu;Ramu;x
b_tanamona;Tanamona;Tanamona;Tanamona;Tanamona;Tanamona;Tanamona;Tanamona;Tanamona;Tanamona;Tanamona;Tanamona;Tanamona;Tanamona;x
b_gwankit;Gwankit;Gwankit;Gwankit;Gwankit;Gwankit;Gwankit;Gwankit;Gwankit;Gwankit;Gwankit;Gwankit;Gwankit;Gwankit;x
b_hezibuzu;Hezibuzu;Hezibuzu;Hezibuzu;Hezibuzu;Hezibuzu;Hezibuzu;Hezibuzu;Hezibuzu;Hezibuzu;Hezibuzu;Hezibuzu;Hezibuzu;Hezibuzu;x
b_fintomomo;Fintomomo;Fintomomo;Fintomomo;Fintomomo;Fintomomo;Fintomomo;Fintomomo;Fintomomo;Fintomomo;Fintomomo;Fintomomo;Fintomomo;Fintomomo;x
c_coast;Coast;Coast;Coast;Coast;Coast;Coast;Coast;Coast;Coast;Coast;Coast;Coast;Coast;x
c_coast_adj;Coast;Coast;Coast;Coast;Coast;Coast;Coast;Coast;Coast;Coast;Coast;Coast;Coast;x
b_mombasaa;Mombasa;Mombasa;Mombasa;Mombasa;Mombasa;Mombasa;Mombasa;Mombasa;Mombasa;Mombasa;Mombasa;Mombasa;Mombasa;x
b_vol;Vol;Vol;Vol;Vol;Vol;Vol;Vol;Vol;Vol;Vol;Vol;Vol;Vol;x
b_malindii;Malindi;Malindi;Malindi;Malindi;Malindi;Malindi;Malindi;Malindi;Malindi;Malindi;Malindi;Malindi;Malindi;x
b_lamuu;Lamu;Lamu;Lamu;Lamu;Lamu;Lamu;Lamu;Lamu;Lamu;Lamu;Lamu;Lamu;Lamu;x
b_garsen;Garsen;Garsen;Garsen;Garsen;Garsen;Garsen;Garsen;Garsen;Garsen;Garsen;Garsen;Garsen;Garsen;x
b_galanam;Galanam;Galanam;Galanam;Galanam;Galanam;Galanam;Galanam;Galanam;Galanam;Galanam;Galanam;Galanam;Galanam;x
b_zukumuara;Zukumuara;Zukumuara;Zukumuara;Zukumuara;Zukumuara;Zukumuara;Zukumuara;Zukumuara;Zukumuara;Zukumuara;Zukumuara;Zukumuara;Zukumuara;x
b_zamokotoo;Zamokoto;Zamokoto;Zamokoto;Zamokoto;Zamokoto;Zamokoto;Zamokoto;Zamokoto;Zamokoto;Zamokoto;Zamokoto;Zamokoto;Zamokoto;x
k_tanganyika;Tanganyika;Tanganyika;Tanganyika;Tanganyika;Tanganyika;Tanganyika;Tanganyika;Tanganyika;Tanganyika;Tanganyika;Tanganyika;Tanganyika;Tanganyika;x
k_tanganyika_adj;Tanganyika;Tanganyika;Tanganyika;Tanganyika;Tanganyika;Tanganyika;Tanganyika;Tanganyika;Tanganyika;Tanganyika;Tanganyika;Tanganyika;Tanganyika;x
d_jamuji;Jamuji;Jamuji;Jamuji;Jamuji;Jamuji;Jamuji;Jamuji;Jamuji;Jamuji;Jamuji;Jamuji;Jamuji;Jamuji;x
d_jamuji_adj;Jamuji;Jamuji;Jamuji;Jamuji;Jamuji;Jamuji;Jamuji;Jamuji;Jamuji;Jamuji;Jamuji;Jamuji;Jamuji;x
c_arusha;Arusha;Arusha;Arusha;Arusha;Arusha;Arusha;Arusha;Arusha;Arusha;Arusha;Arusha;Arusha;Arusha;x
c_arusha_adj;Arusha;Arusha;Arusha;Arusha;Arusha;Arusha;Arusha;Arusha;Arusha;Arusha;Arusha;Arusha;Arusha;x
b_arusha;Arusha;Arusha;Arusha;Arusha;Arusha;Arusha;Arusha;Arusha;Arusha;Arusha;Arusha;Arusha;Arusha;x
b_kopororo;Kopororo;Kopororo;Kopororo;Kopororo;Kopororo;Kopororo;Kopororo;Kopororo;Kopororo;Kopororo;Kopororo;Kopororo;Kopororo;x
b_cokima;Cokima;Cokima;Cokima;Cokima;Cokima;Cokima;Cokima;Cokima;Cokima;Cokima;Cokima;Cokima;Cokima;x
b_gwandhe;Gwandhe;Gwandhe;Gwandhe;Gwandhe;Gwandhe;Gwandhe;Gwandhe;Gwandhe;Gwandhe;Gwandhe;Gwandhe;Gwandhe;Gwandhe;x
b_quanmar;Quanmar;Quanmar;Quanmar;Quanmar;Quanmar;Quanmar;Quanmar;Quanmar;Quanmar;Quanmar;Quanmar;Quanmar;Quanmar;x
b_opiso;Opiso;Opiso;Opiso;Opiso;Opiso;Opiso;Opiso;Opiso;Opiso;Opiso;Opiso;Opiso;Opiso;x
b_daramakha;Daramakha;Daramakha;Daramakha;Daramakha;Daramakha;Daramakha;Daramakha;Daramakha;Daramakha;Daramakha;Daramakha;Daramakha;Daramakha;x
b_uyyama;Uyyama;Uyyama;Uyyama;Uyyama;Uyyama;Uyyama;Uyyama;Uyyama;Uyyama;Uyyama;Uyyama;Uyyama;Uyyama;x
c_kilimandscharo;Kilimandscharo;Kilimandscharo;Kilimandscharo;Kilimandscharo;Kilimandscharo;Kilimandscharo;Kilimandscharo;Kilimandscharo;Kilimandscharo;Kilimandscharo;Kilimandscharo;Kilimandscharo;Kilimandscharo;x
c_kilimandscharo_adj;Kilimandscharo;Kilimandscharo;Kilimandscharo;Kilimandscharo;Kilimandscharo;Kilimandscharo;Kilimandscharo;Kilimandscharo;Kilimandscharo;Kilimandscharo;Kilimandscharo;Kilimandscharo;Kilimandscharo;x
b_kilimandscharo;Kilimandscharo;Kilimandscharo;Kilimandscharo;Kilimandscharo;Kilimandscharo;Kilimandscharo;Kilimandscharo;Kilimandscharo;Kilimandscharo;Kilimandscharo;Kilimandscharo;Kilimandscharo;Kilimandscharo;x
b_zazampi;Zazampi;Zazampi;Zazampi;Zazampi;Zazampi;Zazampi;Zazampi;Zazampi;Zazampi;Zazampi;Zazampi;Zazampi;Zazampi;x
b_klamaka;Klamaka;Klamaka;Klamaka;Klamaka;Klamaka;Klamaka;Klamaka;Klamaka;Klamaka;Klamaka;Klamaka;Klamaka;Klamaka;x
b_toroha;Toroha;Toroha;Toroha;Toroha;Toroha;Toroha;Toroha;Toroha;Toroha;Toroha;Toroha;Toroha;Toroha;x
b_jakemen;Jakemen;Jakemen;Jakemen;Jakemen;Jakemen;Jakemen;Jakemen;Jakemen;Jakemen;Jakemen;Jakemen;Jakemen;Jakemen;x
b_sahmena;Sahmena;Sahmena;Sahmena;Sahmena;Sahmena;Sahmena;Sahmena;Sahmena;Sahmena;Sahmena;Sahmena;Sahmena;Sahmena;x
b_faupuhu;Faupuhu;Faupuhu;Faupuhu;Faupuhu;Faupuhu;Faupuhu;Faupuhu;Faupuhu;Faupuhu;Faupuhu;Faupuhu;Faupuhu;Faupuhu;x
b_yatamahho;Yatamahho;Yatamahho;Yatamahho;Yatamahho;Yatamahho;Yatamahho;Yatamahho;Yatamahho;Yatamahho;Yatamahho;Yatamahho;Yatamahho;Yatamahho;x
d_kakapakho;Kakapahko;Kakapahko;Kakapahko;Kakapahko;Kakapahko;Kakapahko;Kakapahko;Kakapahko;Kakapahko;Kakapahko;Kakapahko;Kakapahko;Kakapahko;x
d_kakapakho_adj;Kakapahko;Kakapahko;Kakapahko;Kakapahko;Kakapahko;Kakapahko;Kakapahko;Kakapahko;Kakapahko;Kakapahko;Kakapahko;Kakapahko;Kakapahko;x
c_tanga;Tanga;Tanga;Tanga;Tanga;Tanga;Tanga;Tanga;Tanga;Tanga;Tanga;Tanga;Tanga;Tanga;x
c_tanga_adj;Tanga;Tanga;Tanga;Tanga;Tanga;Tanga;Tanga;Tanga;Tanga;Tanga;Tanga;Tanga;Tanga;x
b_tangaa;Tanga;Tanga;Tanga;Tanga;Tanga;Tanga;Tanga;Tanga;Tanga;Tanga;Tanga;Tanga;Tanga;x
b_gahamara;Gahamara;Gahamara;Gahamara;Gahamara;Gahamara;Gahamara;Gahamara;Gahamara;Gahamara;Gahamara;Gahamara;Gahamara;Gahamara;x
b_dandor;Dandor;Dandor;Dandor;Dandor;Dandor;Dandor;Dandor;Dandor;Dandor;Dandor;Dandor;Dandor;Dandor;x
b_malamahra;Malamahra;Malamahra;Malamahra;Malamahra;Malamahra;Malamahra;Malamahra;Malamahra;Malamahra;Malamahra;Malamahra;Malamahra;Malamahra;x
b_wenkopah;Wenkopah;Wenkopah;Wenkopah;Wenkopah;Wenkopah;Wenkopah;Wenkopah;Wenkopah;Wenkopah;Wenkopah;Wenkopah;Wenkopah;Wenkopah;x
b_bavvank;Bavvank;Bavvank;Bavvank;Bavvank;Bavvank;Bavvank;Bavvank;Bavvank;Bavvank;Bavvank;Bavvank;Bavvank;Bavvank;x
b_kumakath;Kumakath;Kumakath;Kumakath;Kumakath;Kumakath;Kumakath;Kumakath;Kumakath;Kumakath;Kumakath;Kumakath;Kumakath;Kumakath;x
b_vacamara;Vacamara;Vacamara;Vacamara;Vacamara;Vacamara;Vacamara;Vacamara;Vacamara;Vacamara;Vacamara;Vacamara;Vacamara;Vacamara;x
c_manyara;Manyara;Manyara;Manyara;Manyara;Manyara;Manyara;Manyara;Manyara;Manyara;Manyara;Manyara;Manyara;Manyara;x
c_manyara_adj;Manyara;Manyara;Manyara;Manyara;Manyara;Manyara;Manyara;Manyara;Manyara;Manyara;Manyara;Manyara;Manyara;x
b_manyara;Manyara;Manyara;Manyara;Manyara;Manyara;Manyara;Manyara;Manyara;Manyara;Manyara;Manyara;Manyara;Manyara;x
b_vacamahrah;Vacamahrah;Vacamahrah;Vacamahrah;Vacamahrah;Vacamahrah;Vacamahrah;Vacamahrah;Vacamahrah;Vacamahrah;Vacamahrah;Vacamahrah;Vacamahrah;Vacamahrah;x
b_loppara;Loppara;Loppara;Loppara;Loppara;Loppara;Loppara;Loppara;Loppara;Loppara;Loppara;Loppara;Loppara;Loppara;x
b_ribankhe;Ribankhe;Ribankhe;Ribankhe;Ribankhe;Ribankhe;Ribankhe;Ribankhe;Ribankhe;Ribankhe;Ribankhe;Ribankhe;Ribankhe;Ribankhe;x
b_huhamahha;Huhammahha;Huhammahha;Huhammahha;Huhammahha;Huhammahha;Huhammahha;Huhammahha;Huhammahha;Huhammahha;Huhammahha;Huhammahha;Huhammahha;Huhammahha;x
b_mutatapara;Mutatapara;Mutatapara;Mutatapara;Mutatapara;Mutatapara;Mutatapara;Mutatapara;Mutatapara;Mutatapara;Mutatapara;Mutatapara;Mutatapara;Mutatapara;x
b_olopfama;Olopfama;Olopfama;Olopfama;Olopfama;Olopfama;Olopfama;Olopfama;Olopfama;Olopfama;Olopfama;Olopfama;Olopfama;Olopfama;x
b_zacomahra;Zacomahra;Zacomahra;Zacomahra;Zacomahra;Zacomahra;Zacomahra;Zacomahra;Zacomahra;Zacomahra;Zacomahra;Zacomahra;Zacomahra;Zacomahra;x
d_waenktho;Waenktho;Waenktho;Waenktho;Waenktho;Waenktho;Waenktho;Waenktho;Waenktho;Waenktho;Waenktho;Waenktho;Waenktho;Waenktho;x
d_waenktho_adj;Waenktho;Waenktho;Waenktho;Waenktho;Waenktho;Waenktho;Waenktho;Waenktho;Waenktho;Waenktho;Waenktho;Waenktho;Waenktho;x
c_morogoro;Morogoro;Morogoro;Morogoro;Morogoro;Morogoro;Morogoro;Morogoro;Morogoro;Morogoro;Morogoro;Morogoro;Morogoro;Morogoro;x
c_morogoro_adj;Morogoro;Morogoro;Morogoro;Morogoro;Morogoro;Morogoro;Morogoro;Morogoro;Morogoro;Morogoro;Morogoro;Morogoro;Morogoro;x
b_morogoro;Morogoro;Morogoro;Morogoro;Morogoro;Morogoro;Morogoro;Morogoro;Morogoro;Morogoro;Morogoro;Morogoro;Morogoro;Morogoro;x
b_kajumahe;Kajumahe;Kajumahe;Kajumahe;Kajumahe;Kajumahe;Kajumahe;Kajumahe;Kajumahe;Kajumahe;Kajumahe;Kajumahe;Kajumahe;Kajumahe;x
b_gabbaranho;Gabbaranho;Gabbaranho;Gabbaranho;Gabbaranho;Gabbaranho;Gabbaranho;Gabbaranho;Gabbaranho;Gabbaranho;Gabbaranho;Gabbaranho;Gabbaranho;Gabbaranho;x
b_awwaram;Awwaram;Awwaram;Awwaram;Awwaram;Awwaram;Awwaram;Awwaram;Awwaram;Awwaram;Awwaram;Awwaram;Awwaram;Awwaram;x
b_marapaanm;Marapaam;Marapaam;Marapaam;Marapaam;Marapaam;Marapaam;Marapaam;Marapaam;Marapaam;Marapaam;Marapaam;Marapaam;Marapaam;x
b_errokapro;Errokapro;Errokapro;Errokapro;Errokapro;Errokapro;Errokapro;Errokapro;Errokapro;Errokapro;Errokapro;Errokapro;Errokapro;Errokapro;x
b_ukjamarkha;Ukjamarkha;Ukjamarkha;Ukjamarkha;Ukjamarkha;Ukjamarkha;Ukjamarkha;Ukjamarkha;Ukjamarkha;Ukjamarkha;Ukjamarkha;Ukjamarkha;Ukjamarkha;Ukjamarkha;x
b_fofarampha;Fofarampha;Fofarampha;Fofarampha;Fofarampha;Fofarampha;Fofarampha;Fofarampha;Fofarampha;Fofarampha;Fofarampha;Fofarampha;Fofarampha;Fofarampha;x
c_pwani;Pwani;Pwani;Pwani;Pwani;Pwani;Pwani;Pwani;Pwani;Pwani;Pwani;Pwani;Pwani;Pwani;x
c_pwani_adj;Pwani;Pwani;Pwani;Pwani;Pwani;Pwani;Pwani;Pwani;Pwani;Pwani;Pwani;Pwani;Pwani;x
b_pwani;Pwani;Pwani;Pwani;Pwani;Pwani;Pwani;Pwani;Pwani;Pwani;Pwani;Pwani;Pwani;Pwani;x
b_khamantha;Khamantha;Khamantha;Khamantha;Khamantha;Khamantha;Khamantha;Khamantha;Khamantha;Khamantha;Khamantha;Khamantha;Khamantha;Khamantha;x
b_retepapa;Retepapa;Retepapa;Retepapa;Retepapa;Retepapa;Retepapa;Retepapa;Retepapa;Retepapa;Retepapa;Retepapa;Retepapa;Retepapa;x
b_hojopanh;Hojopanh;Hojopanh;Hojopanh;Hojopanh;Hojopanh;Hojopanh;Hojopanh;Hojopanh;Hojopanh;Hojopanh;Hojopanh;Hojopanh;Hojopanh;x
b_terkemerehe;Terkemerehe;Terkemerehe;Terkemerehe;Terkemerehe;Terkemerehe;Terkemerehe;Terkemerehe;Terkemerehe;Terkemerehe;Terkemerehe;Terkemerehe;Terkemerehe;Terkemerehe;x
b_gfanmahkha;Gfanmahkha;Gfanmahkha;Gfanmahkha;Gfanmahkha;Gfanmahkha;Gfanmahkha;Gfanmahkha;Gfanmahkha;Gfanmahkha;Gfanmahkha;Gfanmahkha;Gfanmahkha;Gfanmahkha;x
b_manzamenkhe;Manzamenkhe;Manzamenkhe;Manzamenkhe;Manzamenkhe;Manzamenkhe;Manzamenkhe;Manzamenkhe;Manzamenkhe;Manzamenkhe;Manzamenkhe;Manzamenkhe;Manzamenkhe;Manzamenkhe;x
b_cukupurkhu;Cukupurkhu;Cukupurkhu;Cukupurkhu;Cukupurkhu;Cukupurkhu;Cukupurkhu;Cukupurkhu;Cukupurkhu;Cukupurkhu;Cukupurkhu;Cukupurkhu;Cukupurkhu;Cukupurkhu;x
d_takikoha;Takikoha;Takikoha;Takikoha;Takikoha;Takikoha;Takikoha;Takikoha;Takikoha;Takikoha;Takikoha;Takikoha;Takikoha;Takikoha;x
d_takikoha_adj;Takikoha;Takikoha;Takikoha;Takikoha;Takikoha;Takikoha;Takikoha;Takikoha;Takikoha;Takikoha;Takikoha;Takikoha;Takikoha;x
c_lindi;Lindi;Lindi;Lindi;Lindi;Lindi;Lindi;Lindi;Lindi;Lindi;Lindi;Lindi;Lindi;Lindi;x
c_lindi_adj;Lindi;Lindi;Lindi;Lindi;Lindi;Lindi;Lindi;Lindi;Lindi;Lindi;Lindi;Lindi;Lindi;x
b_lindi;Lindi;Lindi;Lindi;Lindi;Lindi;Lindi;Lindi;Lindi;Lindi;Lindi;Lindi;Lindi;Lindi;x
b_dadarahkha;Dadarahkha;Dadarahkha;Dadarahkha;Dadarahkha;Dadarahkha;Dadarahkha;Dadarahkha;Dadarahkha;Dadarahkha;Dadarahkha;Dadarahkha;Dadarahkha;Dadarahkha;x
b_bankamandirha;Bankamandirha;Bankamandirha;Bankamandirha;Bankamandirha;Bankamandirha;Bankamandirha;Bankamandirha;Bankamandirha;Bankamandirha;Bankamandirha;Bankamandirha;Bankamandirha;Bankamandirha;x
b_qusamankihre;Qusamankihre;Qusamankihre;Qusamankihre;Qusamankihre;Qusamankihre;Qusamankihre;Qusamankihre;Qusamankihre;Qusamankihre;Qusamankihre;Qusamankihre;Qusamankihre;Qusamankihre;x
b_capucuram;Capucuram;Capucuram;Capucuram;Capucuram;Capucuram;Capucuram;Capucuram;Capucuram;Capucuram;Capucuram;Capucuram;Capucuram;Capucuram;x
b_pukizikihirapa;Pukizikihirapa;Pukizikihirapa;Pukizikihirapa;Pukizikihirapa;Pukizikihirapa;Pukizikihirapa;Pukizikihirapa;Pukizikihirapa;Pukizikihirapa;Pukizikihirapa;Pukizikihirapa;Pukizikihirapa;Pukizikihirapa;x
b_tankokhrapha;Tankokhrapha;Tankokhrapha;Tankokhrapha;Tankokhrapha;Tankokhrapha;Tankokhrapha;Tankokhrapha;Tankokhrapha;Tankokhrapha;Tankokhrapha;Tankokhrapha;Tankokhrapha;Tankokhrapha;x
b_zanktwha;Zanktwha;Zanktwha;Zanktwha;Zanktwha;Zanktwha;Zanktwha;Zanktwha;Zanktwha;Zanktwha;Zanktwha;Zanktwha;Zanktwha;Zanktwha;;x
c_mtwarai;Mtwarai;Mtwarai;Mtwarai;Mtwarai;Mtwarai;Mtwarai;Mtwarai;Mtwarai;Mtwarai;Mtwarai;Mtwarai;Mtwarai;Mtwarai;x
c_mtwara_adj;Mtwarai;Mtwarai;Mtwarai;Mtwarai;Mtwarai;Mtwarai;Mtwarai;Mtwarai;Mtwarai;Mtwarai;Mtwarai;Mtwarai;Mtwarai;x
b_mtwara;Mtwarai;Mtwarai;Mtwarai;Mtwarai;Mtwarai;Mtwarai;Mtwarai;Mtwarai;Mtwarai;Mtwarai;Mtwarai;Mtwarai;Mtwarai;x
b_irrapakho;Irrapahko;Irrapahko;Irrapahko;Irrapahko;Irrapahko;Irrapahko;Irrapahko;Irrapahko;Irrapahko;Irrapahko;Irrapahko;Irrapahko;Irrapahko;x
b_kjamhrah;Kjamhrah;Kjamhrah;Kjamhrah;Kjamhrah;Kjamhrah;Kjamhrah;Kjamhrah;Kjamhrah;Kjamhrah;Kjamhrah;Kjamhrah;Kjamhrah;Kjamhrah;x
b_dajkhirntha;Dajkhirntha;Dajkhirntha;Dajkhirntha;Dajkhirntha;Dajkhirntha;Dajkhirntha;Dajkhirntha;Dajkhirntha;Dajkhirntha;Dajkhirntha;Dajkhirntha;Dajkhirntha;Dajkhirntha;x
b_popuntarab;Popuntarab;Popuntarab;Popuntarab;Popuntarab;Popuntarab;Popuntarab;Popuntarab;Popuntarab;Popuntarab;Popuntarab;Popuntarab;Popuntarab;Popuntarab;x
b_dfamnmara;Dfamnmara;Dfamnmara;Dfamnmara;Dfamnmara;Dfamnmara;Dfamnmara;Dfamnmara;Dfamnmara;Dfamnmara;Dfamnmara;Dfamnmara;Dfamnmara;Dfamnmara;x
b_wqeantrha;Wqeantrha;Wqeantrha;Wqeantrha;Wqeantrha;Wqeantrha;Wqeantrha;Wqeantrha;Wqeantrha;Wqeantrha;Wqeantrha;Wqeantrha;Wqeantrha;Wqeantrha;x
b_hganmanphere;Hganmanphere;Hganmanphere;Hganmanphere;Hganmanphere;Hganmanphere;Hganmanphere;Hganmanphere;Hganmanphere;Hganmanphere;Hganmanphere;Hganmanphere;Hganmanphere;Hganmanphere;x
k_mozambique;Mozambique;Mozambique;Mozambique;Mozambique;Mozambique;Mozambique;Mozambique;Mozambique;Mozambique;Mozambique;Mozambique;Mozambique;Mozambique;x
k_mozambique_adj;Mozambique;Mozambique;Mozambique;Mozambique;Mozambique;Mozambique;Mozambique;Mozambique;Mozambique;Mozambique;Mozambique;Mozambique;Mozambique;x
d_mazanta;Mazanta;Mazanta;Mazanta;Mazanta;Mazanta;Mazanta;Mazanta;Mazanta;Mazanta;Mazanta;Mazanta;Mazanta;Mazanta;x
d_mazanta_adj;Mazanta;Mazanta;Mazanta;Mazanta;Mazanta;Mazanta;Mazanta;Mazanta;Mazanta;Mazanta;Mazanta;Mazanta;Mazanta;x
c_niassa;Niassa;Niassa;Niassa;Niassa;Niassa;Niassa;Niassa;Niassa;Niassa;Niassa;Niassa;Niassa;Niassa;x
c_niassa_adj;Niassa;Niassa;Niassa;Niassa;Niassa;Niassa;Niassa;Niassa;Niassa;Niassa;Niassa;Niassa;Niassa;x
b_niassa;Niassa;Niassa;Niassa;Niassa;Niassa;Niassa;Niassa;Niassa;Niassa;Niassa;Niassa;Niassa;Niassa;x
b_zkhemmi;Zkhemmi;Zkhemmi;Zkhemmi;Zkhemmi;Zkhemmi;Zkhemmi;Zkhemmi;Zkhemmi;Zkhemmi;Zkhemmi;Zkhemmi;Zkhemmi;Zkhemmi;x
b_ghamantsra;Ghamantsra;Ghamantsra;Ghamantsra;Ghamantsra;Ghamantsra;Ghamantsra;Ghamantsra;Ghamantsra;Ghamantsra;Ghamantsra;Ghamantsra;Ghamantsra;Ghamantsra;x
b_lekemenhi;Lekemenhi;Lekemenhi;Lekemenhi;Lekemenhi;Lekemenhi;Lekemenhi;Lekemenhi;Lekemenhi;Lekemenhi;Lekemenhi;Lekemenhi;Lekemenhi;Lekemenhi;x
b_affakmanta;Affakmanta;Affakmanta;Affakmanta;Affakmanta;Affakmanta;Affakmanta;Affakmanta;Affakmanta;Affakmanta;Affakmanta;Affakmanta;Affakmanta;Affakmanta;x
b_maktamppa;Maktamppa;Maktamppa;Maktamppa;Maktamppa;Maktamppa;Maktamppa;Maktamppa;Maktamppa;Maktamppa;Maktamppa;Maktamppa;Maktamppa;Maktamppa;x
b_zqana;Zqana;Zqana;Zqana;Zqana;Zqana;Zqana;Zqana;Zqana;Zqana;Zqana;Zqana;Zqana;Zqana;x
b_jappimn;Jappimn;Jappimn;Jappimn;Jappimn;Jappimn;Jappimn;Jappimn;Jappimn;Jappimn;Jappimn;Jappimn;Jappimn;Jappimn;x
c_cabo_delgado;Cabo Delgado;Cabo Delgado;Cabo Delgado;Cabo Delgado;Cabo Delgado;Cabo Delgado;Cabo Delgado;Cabo Delgado;Cabo Delgado;Cabo Delgado;Cabo Delgado;Cabo Delgado;Cabo Delgado;x
c_cabo_delgado_adj;Cabo Delgado;Cabo Delgado;Cabo Delgado;Cabo Delgado;Cabo Delgado;Cabo Delgado;Cabo Delgado;Cabo Delgado;Cabo Delgado;Cabo Delgado;Cabo Delgado;Cabo Delgado;Cabo Delgado;x
b_cabo_delgado;Cabo Delgado;Cabo Delgado;Cabo Delgado;Cabo Delgado;Cabo Delgado;Cabo Delgado;Cabo Delgado;Cabo Delgado;Cabo Delgado;Cabo Delgado;Cabo Delgado;Cabo Delgado;Cabo Delgado;x
b_huntapuntara;Huntapuntara;Huntapuntara;Huntapuntara;Huntapuntara;Huntapuntara;Huntapuntara;Huntapuntara;Huntapuntara;Huntapuntara;Huntapuntara;Huntapuntara;Huntapuntara;Huntapuntara;x
b_wawembkhet;Wawembkhet;Wawembkhet;Wawembkhet;Wawembkhet;Wawembkhet;Wawembkhet;Wawembkhet;Wawembkhet;Wawembkhet;Wawembkhet;Wawembkhet;Wawembkhet;Wawembkhet;x
b_bubuobna;Bubuobna;Bubuobna;Bubuobna;Bubuobna;Bubuobna;Bubuobna;Bubuobna;Bubuobna;Bubuobna;Bubuobna;Bubuobna;Bubuobna;Bubuobna;x
b_ukurufuskmat;Ukurufuskmat;Ukurufuskmat;Ukurufuskmat;Ukurufuskmat;Ukurufuskmat;Ukurufuskmat;Ukurufuskmat;Ukurufuskmat;Ukurufuskmat;Ukurufuskmat;Ukurufuskmat;Ukurufuskmat;Ukurufuskmat;x
b_opokhanamara;Opokhanamara;Opokhanamara;Opokhanamara;Opokhanamara;Opokhanamara;Opokhanamara;Opokhanamara;Opokhanamara;Opokhanamara;Opokhanamara;Opokhanamara;Opokhanamara;Opokhanamara;x
b_haraqmaka;Haraqmaka;Haraqmaka;Haraqmaka;Haraqmaka;Haraqmaka;Haraqmaka;Haraqmaka;Haraqmaka;Haraqmaka;Haraqmaka;Haraqmaka;Haraqmaka;Haraqmaka;x
b_yayankanta;Yayankanta;Yayankanta;Yayankanta;Yayankanta;Yayankanta;Yayankanta;Yayankanta;Yayankanta;Yayankanta;Yayankanta;Yayankanta;Yayankanta;Yayankanta;x
d_zampapaa;Zampapa;Zampapa;Zampapa;Zampapa;Zampapa;Zampapa;Zampapa;Zampapa;Zampapa;Zampapa;Zampapa;Zampapa;Zampapa;x
d_zampapaa_adj;Zampapa;Zampapa;Zampapa;Zampapa;Zampapa;Zampapa;Zampapa;Zampapa;Zampapa;Zampapa;Zampapa;Zampapa;Zampapa;x
c_zambezia;Zambezia;Zambezia;Zambezia;Zambezia;Zambezia;Zambezia;Zambezia;Zambezia;Zambezia;Zambezia;Zambezia;Zambezia;Zambezia;x
c_zambezia_adj;Zambezia;Zambezia;Zambezia;Zambezia;Zambezia;Zambezia;Zambezia;Zambezia;Zambezia;Zambezia;Zambezia;Zambezia;Zambezia;x
b_zambezia;Zambezia;Zambezia;Zambezia;Zambezia;Zambezia;Zambezia;Zambezia;Zambezia;Zambezia;Zambezia;Zambezia;Zambezia;Zambezia;x
b_gahhuhu;Gahhuhu;Gahhuhu;Gahhuhu;Gahhuhu;Gahhuhu;Gahhuhu;Gahhuhu;Gahhuhu;Gahhuhu;Gahhuhu;Gahhuhu;Gahhuhu;Gahhuhu;x
b_ujumunukuntu;Ujumunukuntu;Ujumunukuntu;Ujumunukuntu;Ujumunukuntu;Ujumunukuntu;Ujumunukuntu;Ujumunukuntu;Ujumunukuntu;Ujumunukuntu;Ujumunukuntu;Ujumunukuntu;Ujumunukuntu;Ujumunukuntu;x
b_burrankta;Burrankta;Burrankta;Burrankta;Burrankta;Burrankta;Burrankta;Burrankta;Burrankta;Burrankta;Burrankta;Burrankta;Burrankta;Burrankta;x
b_wendahdah;Wendahdah;Wendahdah;Wendahdah;Wendahdah;Wendahdah;Wendahdah;Wendahdah;Wendahdah;Wendahdah;Wendahdah;Wendahdah;Wendahdah;Wendahdah;x
b_cavakanka;Cavakanka;Cavakanka;Cavakanka;Cavakanka;Cavakanka;Cavakanka;Cavakanka;Cavakanka;Cavakanka;Cavakanka;Cavakanka;Cavakanka;Cavakanka;x
b_jujupunkuru;Jujupunkuru;Jujupunkuru;Jujupunkuru;Jujupunkuru;Jujupunkuru;Jujupunkuru;Jujupunkuru;Jujupunkuru;Jujupunkuru;Jujupunkuru;Jujupunkuru;Jujupunkuru;Jujupunkuru;x
b_dazzakta;Dazzakta;Dazzakta;Dazzakta;Dazzakta;Dazzakta;Dazzakta;Dazzakta;Dazzakta;Dazzakta;Dazzakta;Dazzakta;Dazzakta;Dazzakta;x
c_nampula;Nampula;Nampula;Nampula;Nampula;Nampula;Nampula;Nampula;Nampula;Nampula;Nampula;Nampula;Nampula;Nampula;x
c_nampula_adj;Nampula;Nampula;Nampula;Nampula;Nampula;Nampula;Nampula;Nampula;Nampula;Nampula;Nampula;Nampula;Nampula;x
b_nampula;Nampula;Nampula;Nampula;Nampula;Nampula;Nampula;Nampula;Nampula;Nampula;Nampula;Nampula;Nampula;Nampula;x
b_kajehurapa;Kajehurapa;Kajehurapa;Kajehurapa;Kajehurapa;Kajehurapa;Kajehurapa;Kajehurapa;Kajehurapa;Kajehurapa;Kajehurapa;Kajehurapa;Kajehurapa;Kajehurapa;x
b_dafidah;Dafidah;Dafidah;Dafidah;Dafidah;Dafidah;Dafidah;Dafidah;Dafidah;Dafidah;Dafidah;Dafidah;Dafidah;Dafidah;x
b_jahremnt;Jahremnt;Jahremnt;Jahremnt;Jahremnt;Jahremnt;Jahremnt;Jahremnt;Jahremnt;Jahremnt;Jahremnt;Jahremnt;Jahremnt;Jahremnt;x
b_zakkotonpa;Zakkotonpa;Zakkotonpa;Zakkotonpa;Zakkotonpa;Zakkotonpa;Zakkotonpa;Zakkotonpa;Zakkotonpa;Zakkotonpa;Zakkotonpa;Zakkotonpa;Zakkotonpa;Zakkotonpa;x
b_laulaman;Laulaman;Laulaman;Laulaman;Laulaman;Laulaman;Laulaman;Laulaman;Laulaman;Laulaman;Laulaman;Laulaman;Laulaman;Laulaman;x
b_quantakahha;Quantakahha;Quantakahha;Quantakahha;Quantakahha;Quantakahha;Quantakahha;Quantakahha;Quantakahha;Quantakahha;Quantakahha;Quantakahha;Quantakahha;Quantakahha;x
b_ucubucubulu;Ucubucubulu;Ucubucubulu;Ucubucubulu;Ucubucubulu;Ucubucubulu;Ucubucubulu;Ucubucubulu;Ucubucubulu;Ucubucubulu;Ucubucubulu;Ucubucubulu;Ucubucubulu;Ucubucubulu;x
d_kajmurra;Kajmurra;Kajmurra;Kajmurra;Kajmurra;Kajmurra;Kajmurra;Kajmurra;Kajmurra;Kajmurra;Kajmurra;Kajmurra;Kajmurra;Kajmurra;x
d_kajmurra_adj;Kajmurra;Kajmurra;Kajmurra;Kajmurra;Kajmurra;Kajmurra;Kajmurra;Kajmurra;Kajmurra;Kajmurra;Kajmurra;Kajmurra;Kajmurra;x
c_manica;Manica;Manica;Manica;Manica;Manica;Manica;Manica;Manica;Manica;Manica;Manica;Manica;Manica;x
c_manica_adj;Manica;Manica;Manica;Manica;Manica;Manica;Manica;Manica;Manica;Manica;Manica;Manica;Manica;x
b_manica;Manica;Manica;Manica;Manica;Manica;Manica;Manica;Manica;Manica;Manica;Manica;Manica;Manica;x
b_istupien;Istupien;Istupien;Istupien;Istupien;Istupien;Istupien;Istupien;Istupien;Istupien;Istupien;Istupien;Istupien;Istupien;x
b_inkarapara;Inkarapara;Inkarapara;Inkarapara;Inkarapara;Inkarapara;Inkarapara;Inkarapara;Inkarapara;Inkarapara;Inkarapara;Inkarapara;Inkarapara;Inkarapara;x
b_hakkayurumuh;Hakkayurumuh;Hakkayurumuh;Hakkayurumuh;Hakkayurumuh;Hakkayurumuh;Hakkayurumuh;Hakkayurumuh;Hakkayurumuh;Hakkayurumuh;Hakkayurumuh;Hakkayurumuh;Hakkayurumuh;Hakkayurumuh;x
b_bandaramundu;Bandaramundu;Bandaramundu;Bandaramundu;Bandaramundu;Bandaramundu;Bandaramundu;Bandaramundu;Bandaramundu;Bandaramundu;Bandaramundu;Bandaramundu;Bandaramundu;Bandaramundu;x
b_caklantara;Caklantara;Caklantara;Caklantara;Caklantara;Caklantara;Caklantara;Caklantara;Caklantara;Caklantara;Caklantara;Caklantara;Caklantara;Caklantara;x
b_puktantaw;Puktantaw;Puktantaw;Puktantaw;Puktantaw;Puktantaw;Puktantaw;Puktantaw;Puktantaw;Puktantaw;Puktantaw;Puktantaw;Puktantaw;Puktantaw;x
b_wuntufurra;Wuntufurra;Wuntufurra;Wuntufurra;Wuntufurra;Wuntufurra;Wuntufurra;Wuntufurra;Wuntufurra;Wuntufurra;Wuntufurra;Wuntufurra;Wuntufurra;Wuntufurra;x
c_soffara;Soffara;Soffara;Soffara;Soffara;Soffara;Soffara;Soffara;Soffara;Soffara;Soffara;Soffara;Soffara;Soffara;x
c_soffara_adj;Soffara;Soffara;Soffara;Soffara;Soffara;Soffara;Soffara;Soffara;Soffara;Soffara;Soffara;Soffara;Soffara;x
b_soffara;Soffara;Soffara;Soffara;Soffara;Soffara;Soffara;Soffara;Soffara;Soffara;Soffara;Soffara;Soffara;Soffara;x
b_sytamofdo;Sytamofdo;Sytamofdo;Sytamofdo;Sytamofdo;Sytamofdo;Sytamofdo;Sytamofdo;Sytamofdo;Sytamofdo;Sytamofdo;Sytamofdo;Sytamofdo;Sytamofdo;x
b_burkuatoh;Burkuatoh;Burkuatoh;Burkuatoh;Burkuatoh;Burkuatoh;Burkuatoh;Burkuatoh;Burkuatoh;Burkuatoh;Burkuatoh;Burkuatoh;Burkuatoh;Burkuatoh;x
b_annamahra;Annamahra;Annamahra;Annamahra;Annamahra;Annamahra;Annamahra;Annamahra;Annamahra;Annamahra;Annamahra;Annamahra;Annamahra;Annamahra;x
b_terkehle;Terkehle;Terkehle;Terkehle;Terkehle;Terkehle;Terkehle;Terkehle;Terkehle;Terkehle;Terkehle;Terkehle;Terkehle;Terkehle;x
b_gzwankhra;Gzwankhra;Gzwankhra;Gzwankhra;Gzwankhra;Gzwankhra;Gzwankhra;Gzwankhra;Gzwankhra;Gzwankhra;Gzwankhra;Gzwankhra;Gzwankhra;Gzwankhra;x
b_mankititiha;Mankititiha;Mankititiha;Mankititiha;Mankititiha;Mankititiha;Mankititiha;Mankititiha;Mankititiha;Mankititiha;Mankititiha;Mankititiha;Mankititiha;Mankititiha;x
b_gajkaramta;Gajkaramta;Gajkaramta;Gajkaramta;Gajkaramta;Gajkaramta;Gajkaramta;Gajkaramta;Gajkaramta;Gajkaramta;Gajkaramta;Gajkaramta;Gajkaramta;Gajkaramta;x
d_yahvhenne;Yahvhenne;Yahvhenne;Yahvhenne;Yahvhenne;Yahvhenne;Yahvhenne;Yahvhenne;Yahvhenne;Yahvhenne;Yahvhenne;Yahvhenne;Yahvhenne;Yahvhenne;x
d_yahvhenne_adj;Yahvhenne;Yahvhenne;Yahvhenne;Yahvhenne;Yahvhenne;Yahvhenne;Yahvhenne;Yahvhenne;Yahvhenne;Yahvhenne;Yahvhenne;Yahvhenne;Yahvhenne;x
c_gaza;Gaza;Gaza;Gaza;Gaza;Gaza;Gaza;Gaza;Gaza;Gaza;Gaza;Gaza;Gaza;Gaza;x
c_gaza_adj;Gaza;Gaza;Gaza;Gaza;Gaza;Gaza;Gaza;Gaza;Gaza;Gaza;Gaza;Gaza;Gaza;x
b_gazaa;Gaza;Gaza;Gaza;Gaza;Gaza;Gaza;Gaza;Gaza;Gaza;Gaza;Gaza;Gaza;Gaza;x
b_uhmurahkha;Uhmurahkha;Uhmurahkha;Uhmurahkha;Uhmurahkha;Uhmurahkha;Uhmurahkha;Uhmurahkha;Uhmurahkha;Uhmurahkha;Uhmurahkha;Uhmurahkha;Uhmurahkha;Uhmurahkha;x
b_gfanrhantan;Gfanrhantan;Gfanrhantan;Gfanrhantan;Gfanrhantan;Gfanrhantan;Gfanrhantan;Gfanrhantan;Gfanrhantan;Gfanrhantan;Gfanrhantan;Gfanrhantan;Gfanrhantan;Gfanrhantan;x
b_pukpukhan;Pukpukhan;Pukpukhan;Pukpukhan;Pukpukhan;Pukpukhan;Pukpukhan;Pukpukhan;Pukpukhan;Pukpukhan;Pukpukhan;Pukpukhan;Pukpukhan;Pukpukhan;x
b_aktamoahha;Aktamoahha;Aktamoahha;Aktamoahha;Aktamoahha;Aktamoahha;Aktamoahha;Aktamoahha;Aktamoahha;Aktamoahha;Aktamoahha;Aktamoahha;Aktamoahha;Aktamoahha;x
b_tramkherente;Tramkherente;Tramkherente;Tramkherente;Tramkherente;Tramkherente;Tramkherente;Tramkherente;Tramkherente;Tramkherente;Tramkherente;Tramkherente;Tramkherente;Tramkherente;x
b_makapukhitata;Makapukhitata;Makapukhitata;Makapukhitata;Makapukhitata;Makapukhitata;Makapukhitata;Makapukhitata;Makapukhitata;Makapukhitata;Makapukhitata;Makapukhitata;Makapukhitata;Makapukhitata;x
b_errektemende;Errektemende;Errektemende;Errektemende;Errektemende;Errektemende;Errektemende;Errektemende;Errektemende;Errektemende;Errektemende;Errektemende;Errektemende;Errektemende;;x
c_inhambenna;Inhambenna;Inhambenna;Inhambenna;Inhambenna;Inhambenna;Inhambenna;Inhambenna;Inhambenna;Inhambenna;Inhambenna;Inhambenna;Inhambenna;Inhambenna;x
c_inhambenna_adj;Inhambenna;Inhambenna;Inhambenna;Inhambenna;Inhambenna;Inhambenna;Inhambenna;Inhambenna;Inhambenna;Inhambenna;Inhambenna;Inhambenna;Inhambenna;x
b_inhambenna;Inhambenna;Inhambenna;Inhambenna;Inhambenna;Inhambenna;Inhambenna;Inhambenna;Inhambenna;Inhambenna;Inhambenna;Inhambenna;Inhambenna;Inhambenna;x
b_usaperha;Usaperha;Usaperha;Usaperha;Usaperha;Usaperha;Usaperha;Usaperha;Usaperha;Usaperha;Usaperha;Usaperha;Usaperha;Usaperha;x
b_klamanjartha;Klamanjartha;Klamanjartha;Klamanjartha;Klamanjartha;Klamanjartha;Klamanjartha;Klamanjartha;Klamanjartha;Klamanjartha;Klamanjartha;Klamanjartha;Klamanjartha;Klamanjartha;x
b_cakanerejma;Cakanerejma;Cakanerejma;Cakanerejma;Cakanerejma;Cakanerejma;Cakanerejma;Cakanerejma;Cakanerejma;Cakanerejma;Cakanerejma;Cakanerejma;Cakanerejma;Cakanerejma;x
b_quqamananhi;Quqamananhi;Quqamananhi;Quqamananhi;Quqamananhi;Quqamananhi;Quqamananhi;Quqamananhi;Quqamananhi;Quqamananhi;Quqamananhi;Quqamananhi;Quqamananhi;Quqamananhi;x
b_mettaucuhah;Mettaucuhah;Mettaucuhah;Mettaucuhah;Mettaucuhah;Mettaucuhah;Mettaucuhah;Mettaucuhah;Mettaucuhah;Mettaucuhah;Mettaucuhah;Mettaucuhah;Mettaucuhah;Mettaucuhah;x
b_ucubuklatara;Ucubuklatara;Ucubuklatara;Ucubuklatara;Ucubuklatara;Ucubuklatara;Ucubuklatara;Ucubuklatara;Ucubuklatara;Ucubuklatara;Ucubuklatara;Ucubuklatara;Ucubuklatara;Ucubuklatara;x
b_kukumanynahra;Kukumanynahra;Kukumanynahra;Kukumanynahra;Kukumanynahra;Kukumanynahra;Kukumanynahra;Kukumanynahra;Kukumanynahra;Kukumanynahra;Kukumanynahra;Kukumanynahra;Kukumanynahra;Kukumanynahra;x