#CODE;ENGLISH;;;;;;;;;x

#### ENGLISH ####
W_L_100001;https://en.wikipedia.org/wiki/Charles_Sackville,_6th_Earl_of_Dorset ;;;;;;;;;;;;x
W_L_100002;https://en.wikipedia.org/wiki/Mary_II ;;;;;;;;;;;;x
W_L_100004;https://en.wikipedia.org/wiki/James_II_of_England ;;;;;;;;;;;;x
W_L_100005;https://en.wikipedia.org/wiki/Anne_Hyde ;;;;;;;;;;;;x
W_L_100007;https://en.wikipedia.org/wiki/Richard_Sackville,_5th_Earl_of_Dorset ;;;;;;;;;;;;x
W_L_100009;https://en.wikipedia.org/wiki/Mary,_Princess_Royal_and_Princess_of_Orange ;;;;;;;;;;;;x
W_L_100011;https://en.wikipedia.org/wiki/Henry_Howard,_7th_Duke_of_Norfolk ;;;;;;;;;;;;x
W_L_100012;https://en.wikipedia.org/wiki/Mary_Howard,_Duchess_of_Norfolk_(died_1705) ;;;;;;;;;;;;x
W_L_100019;https://en.wikipedia.org/wiki/Anne,_Queen_of_Great_Britain ;;;;;;;;;;;;x
W_L_100024;https://en.wikipedia.org/wiki/Henry_Compton_(bishop) ;;;;;;;;;;;;x
W_L_100025;https://en.wikipedia.org/wiki/Thomas_Abney ;;;;;;;;;;;;x
W_L_100031;https://en.wikipedia.org/wiki/James_Francis_Edward_Stuart ;;;;;;;;;;;;x
W_L_100032;https://en.wikipedia.org/wiki/Thomas_Lennard,_1st_Earl_of_Sussex ;;;;;;;;;;;;x
W_L_100033;https://en.wikipedia.org/wiki/Charles_II_of_England ;;;;;;;;;;;;x
W_L_100034;https://en.wikipedia.org/wiki/Charles_I_of_England ;;;;;;;;;;;;x
W_L_100035;https://en.wikipedia.org/wiki/Oliver_Cromwell ;;;;;;;;;;;;x
W_L_100037;https://en.wikipedia.org/wiki/Henry_Stuart,_Duke_of_Gloucester ;;;;;;;;;;;;x
W_L_100064;https://en.wikipedia.org/wiki/Anthony_Grey,_11th_Earl_of_Kent ;;;;;;;;;;;;x
W_L_100065;https://en.wikipedia.org/wiki/Mary_Grey,_Countess_of_Kent ;;;;;;;;;;;;x
W_L_100067;https://en.wikipedia.org/wiki/Henry_Grey,_1st_Duke_of_Kent ;;;;;;;;;;;;x
W_L_100068;https://en.wikipedia.org/wiki/Jemima_Yorke,_2nd_Marchioness_Grey ;;;;;;;;;;;;x
W_L_100069;https://en.wikipedia.org/wiki/Anthony_Grey,_Earl_of_Harold ;;;;;;;;;;;;x
W_L_100080;https://en.wikipedia.org/wiki/William_Cavendish,_1st_Duke_of_Devonshire ;;;;;;;;;;;;x
W_L_100081;https://en.wikipedia.org/wiki/John_Somers,_1st_Baron_Somers ;;;;;;;;;;;;x
W_L_100082;https://en.wikipedia.org/wiki/Aubrey_de_Vere,_20th_Earl_of_Oxford ;;;;;;;;;;;;x
W_L_100083;https://en.wikipedia.org/wiki/Algernon_Capell,_2nd_Earl_of_Essex ;;;;;;;;;;;;x
W_L_100084;https://en.wikipedia.org/wiki/Charles_Paulet,_2nd_Duke_of_Bolton ;;;;;;;;;;;;x
W_L_100085;https://en.wikipedia.org/wiki/Henry_Howard,_5th_Earl_of_Suffolk ;;;;;;;;;;;;x
W_L_100086;https://en.wikipedia.org/wiki/Robert_Sidney,_4th_Earl_of_Leicester ;;;;;;;;;;;;x
W_L_100145;https://en.wikipedia.org/wiki/Henrietta_of_England ;;;;;;;;;;;;x
W_L_100200;https://en.wikipedia.org/wiki/Louisa_Maria_Stuart ;;;;;;;;;;;;x
W_L_100202;https://en.wikipedia.org/wiki/Lucy_Walter ;;;;;;;;;;;;x
W_L_100203;https://en.wikipedia.org/wiki/James_Scott,_1st_Duke_of_Monmouth ;;;;;;;;;;;;x
W_L_100217;https://en.wikipedia.org/wiki/Elizabeth_Stuart,_Queen_of_Bohemia ;;;;;;;;;;;;x
W_L_100378;https://en.wikipedia.org/wiki/Thomas_Tenison ;;;;;;;;;;;;x
W_L_100393;https://en.wikipedia.org/wiki/Prince_William,_Duke_of_Gloucester ;;;;;;;;;;;;x
W_L_100409;https://en.wikipedia.org/wiki/Charles_Seymour,_6th_Duke_of_Somerset ;;;;;;;;;;;;x
W_L_100410;https://en.wikipedia.org/wiki/Elizabeth_Seymour,_Duchess_of_Somerset ;;;;;;;;;;;;x
W_L_100411;https://en.wikipedia.org/wiki/Algernon_Seymour,_7th_Duke_of_Somerset ;;;;;;;;;;;;x
W_L_100441;https://en.wikipedia.org/wiki/George_FitzRoy,_Duke_of_Northumberland ;;;;;;;;;;;;x
W_L_100442;https://en.wikipedia.org/wiki/Barbara_Palmer,_1st_Duchess_of_Cleveland ;;;;;;;;;;;;x
W_L_100444;https://en.wikipedia.org/wiki/Anne_Lennard,_Countess_of_Sussex ;;;;;;;;;;;;x
W_L_100445;https://en.wikipedia.org/wiki/Charles_FitzRoy,_2nd_Duke_of_Cleveland ;;;;;;;;;;;;x
W_L_100447;https://en.wikipedia.org/wiki/Charlotte_Lee,_Countess_of_Lichfield ;;;;;;;;;;;;x
W_L_100448;https://en.wikipedia.org/wiki/Edward_Lee,_1st_Earl_of_Lichfield ;;;;;;;;;;;;x
W_L_100449;https://en.wikipedia.org/wiki/Charlotte_Lee,_Lady_Baltimore ;;;;;;;;;;;;x
W_L_100450;https://en.wikipedia.org/wiki/George_Lee,_2nd_Earl_of_Lichfield ;;;;;;;;;;;;x
W_L_100451;https://en.wikipedia.org/wiki/Lady_Barbara_FitzRoy ;;;;;;;;;;;;x
W_L_100452;https://en.wikipedia.org/wiki/Charles_Beauclerk,_1st_Duke_of_St_Albans ;;;;;;;;;;;;x
W_L_100453;https://en.wikipedia.org/wiki/Nell_Gwyn ;;;;;;;;;;;;x
W_L_100455;https://en.wikipedia.org/wiki/John_Churchill,_1st_Duke_of_Marlborough ;;;;;;;;;;;;x
W_L_100456;https://en.wikipedia.org/wiki/Sarah_Churchill,_Duchess_of_Marlborough ;;;;;;;;;;;;x
W_L_100457;https://en.wikipedia.org/wiki/Henrietta_Godolphin,_2nd_Duchess_of_Marlborough ;;;;;;;;;;;;x
W_L_100458;https://en.wikipedia.org/wiki/Francis_Godolphin,_2nd_Earl_of_Godolphin ;;;;;;;;;;;;x
W_L_100459;https://en.wikipedia.org/wiki/William_Godolphin,_Marquess_of_Blandford ;;;;;;;;;;;;x
W_L_100460;https://en.wikipedia.org/wiki/Anne_Spencer,_Countess_of_Sunderland_(1683%E2%80%931716) ;;;;;;;;;;;;x
W_L_100461;https://en.wikipedia.org/wiki/John_Churchill,_Marquess_of_Blandford ;;;;;;;;;;;;x
W_L_100462;https://en.wikipedia.org/wiki/Mary_Montagu,_Duchess_of_Montagu_(1689%E2%80%931751) ;;;;;;;;;;;;x
W_L_100463;https://en.wikipedia.org/wiki/Winston_Churchill_(Cavalier) ;;;;;;;;;;;;x
W_L_100465;https://en.wikipedia.org/wiki/George_Churchill_(Royal_Navy_officer) ;;;;;;;;;;;;x
W_L_100466;https://en.wikipedia.org/wiki/Charles_Churchill_(British_Army_officer,_born_1656) ;;;;;;;;;;;;x
W_L_100467;https://en.wikipedia.org/wiki/Arabella_Churchill_(royal_mistress) ;;;;;;;;;;;;x
W_L_100468;https://en.wikipedia.org/wiki/Henrietta_FitzJames ;;;;;;;;;;;;x
W_L_100469;https://en.wikipedia.org/wiki/James_FitzJames,_1st_Duke_of_Berwick ;;;;;;;;;;;;x
W_L_100473;https://en.wikipedia.org/wiki/James_Fitz-James_Stuart,_2nd_Duke_of_Berwick ;;;;;;;;;;;;x
W_L_100474;https://en.wikipedia.org/wiki/Charles_de_Fitz-James,_4th_Duke_of_Fitz-James ;;;;;;;;;;;;x
W_L_100475;https://en.wikipedia.org/wiki/Edward_Rich,_6th_Earl_of_Warwick ;;;;;;;;;;;;x
W_L_100476;https://en.wikipedia.org/wiki/William_Herbert,_2nd_Marquess_of_Powis ;;;;;;;;;;;;x
W_L_100479;https://en.wikipedia.org/wiki/Frances_Hyde,_Countess_of_Clarendon ;;;;;;;;;;;;x
W_L_100481;https://en.wikipedia.org/wiki/Henry_Hyde,_2nd_Earl_of_Clarendon ;;;;;;;;;;;;x
W_L_100482;https://en.wikipedia.org/wiki/Laurence_Hyde,_1st_Earl_of_Rochester ;;;;;;;;;;;;x
W_L_100483;https://en.wikipedia.org/wiki/William_Russell,_1st_Duke_of_Bedford ;;;;;;;;;;;;x
W_L_100484;https://en.wikipedia.org/wiki/Anne_Russell,_Countess_of_Bedford ;;;;;;;;;;;;x
W_L_100485;https://en.wikipedia.org/wiki/Anne_Russell,_Countess_of_Bedford ;;;;;;;;;;;;x
W_L_100486;https://en.wikipedia.org/wiki/Lord_Edward_Russell_(1642%E2%80%931714) ;;;;;;;;;;;;x
W_L_100487;https://en.wikipedia.org/wiki/Rachel_Russell,_Lady_Russell ;;;;;;;;;;;;x
W_L_100488;https://en.wikipedia.org/wiki/Rachel_Cavendish,_Duchess_of_Devonshire ;;;;;;;;;;;;x
W_L_100489;https://en.wikipedia.org/wiki/William_Cavendish,_2nd_Duke_of_Devonshire ;;;;;;;;;;;;x
W_L_100491;https://en.wikipedia.org/wiki/Lord_Henry_Cavendish ;;;;;;;;;;;;x
W_L_100492;https://en.wikipedia.org/wiki/William_Cavendish,_3rd_Duke_of_Devonshire ;;;;;;;;;;;;x
W_L_100493;https://en.wikipedia.org/wiki/Wriothesley_Russell,_2nd_Duke_of_Bedford ;;;;;;;;;;;;x
W_L_100498;https://en.wikipedia.org/wiki/Charles_Montagu,_1st_Duke_of_Manchester ;;;;;;;;;;;;x
W_L_100597;https://en.wikipedia.org/wiki/George_Compton,_4th_Earl_of_Northampton ;;;;;;;;;;;;x

#### FRENCH ####
W_L_100036;https://en.wikipedia.org/wiki/Henrietta_Maria_of_France ;;;;;;;;;;;;x
W_L_100038;https://en.wikipedia.org/wiki/Philippe_I,_Duke_of_Orl%C3%A9ans ;;;;;;;;;;;;x
W_L_100039;https://en.wikipedia.org/wiki/Louis_XIII ;;;;;;;;;;;;x
W_L_100041;https://en.wikipedia.org/wiki/Louis_XIV ;;;;;;;;;;;;x
W_L_100043;https://en.wikipedia.org/wiki/Louis,_Grand_Dauphin ;;;;;;;;;;;;x
W_L_100045;https://en.wikipedia.org/wiki/Louis,_Duke_of_Burgundy ;;;;;;;;;;;;x
W_L_100047;https://en.wikipedia.org/wiki/Philip_V_of_Spain ;;;;;;;;;;;;x
W_L_100048;https://en.wikipedia.org/wiki/Charles,_Duke_of_Berry_(1686%E2%80%931714) ;;;;;;;;;;;;x
W_L_100053;https://en.wikipedia.org/wiki/Elisabeth_of_France,_Queen_of_Spain ;;;;;;;;;;;;x
W_L_100096;https://en.wikipedia.org/wiki/Marie_Casimire_d%27Arquien ;;;;;;;;;;;;x
W_L_100136;https://en.wikipedia.org/wiki/Charles_Maurice_Le_Tellier ;;;;;;;;;;;;x
W_L_100138;https://en.wikipedia.org/wiki/Marie_Louise_d%27Orl%C3%A9ans ;;;;;;;;;;;;x
W_L_100146;https://en.wikipedia.org/wiki/Anne_Marie_d%27Orl%C3%A9ans ;;;;;;;;;;;;x
W_L_100150;https://en.wikipedia.org/wiki/%C3%89lisabeth_Charlotte_d%27Orl%C3%A9ans ;;;;;;;;;;;;x
W_L_100151;https://en.wikipedia.org/wiki/Leopold,_Duke_of_Lorraine ;;;;;;;;;;;;x
W_L_100152;https://en.wikipedia.org/wiki/Philippe_II,_Duke_of_Orl%C3%A9ans ;;;;;;;;;;;;x
W_L_100153;https://en.wikipedia.org/wiki/Fran%C3%A7oise_Marie_de_Bourbon ;;;;;;;;;;;;x
W_L_100154;https://en.wikipedia.org/wiki/Madame_de_Montespan ;;;;;;;;;;;;x
W_L_100155;https://en.wikipedia.org/wiki/Marie_Louise_%C3%89lisabeth_d%27Orl%C3%A9ans ;;;;;;;;;;;;x
W_L_100156;https://en.wikipedia.org/wiki/Louise_Ad%C3%A9la%C3%AFde_d%27Orl%C3%A9ans ;;;;;;;;;;;;x
W_L_100194;https://en.wikipedia.org/wiki/Charles_V,_Duke_of_Lorraine ;;;;;;;;;;;;x
W_L_100268;https://en.wikipedia.org/wiki/Francis_I_of_France ;;;;;;;;;;;;x
W_L_100298;https://en.wikipedia.org/wiki/Henry_IV_of_France ;;;;;;;;;;;;x
W_L_100299;https://en.wikipedia.org/wiki/Fran%C3%A7ois_Ravaillac ;;;;;;;;;;;;x
W_L_100342;https://en.wikipedia.org/wiki/Elisabeth_of_Valois ;;;;;;;;;;;;x
W_L_100352;https://en.wikipedia.org/wiki/Francis_I,_Duke_of_Lorraine ;;;;;;;;;;;;x
W_L_100367;https://en.wikipedia.org/wiki/Louis_Auguste,_Duke_of_Maine ;;;;;;;;;;;;x
W_L_100368;https://en.wikipedia.org/wiki/Louise_B%C3%A9n%C3%A9dicte_de_Bourbon ;;;;;;;;;;;;x
W_L_100397;https://en.wikipedia.org/wiki/Louis_Joseph,_Duke_of_Vend%C3%B4me ;;;;;;;;;;;;x
W_L_100398;https://en.wikipedia.org/wiki/Marie_de_Nemours ;;;;;;;;;;;;x
W_L_100399;https://en.wikipedia.org/wiki/Louis_III,_Prince_of_Cond%C3%A9 ;;;;;;;;;;;;x
W_L_100400;https://en.wikipedia.org/wiki/Louis_Alexandre,_Count_of_Toulouse ;;;;;;;;;;;;x
W_L_100424;https://en.wikipedia.org/wiki/%C3%89l%C3%A9onore_de_Bourbon ;;;;;;;;;;;;x
W_L_100431;https://en.wikipedia.org/wiki/Charlotte_of_Bourbon ;;;;;;;;;;;;x
W_L_100439;https://en.wikipedia.org/wiki/Louise_de_Coligny ;;;;;;;;;;;;x
W_L_100508;https://en.wikipedia.org/wiki/Marguerite_Louise_d%27Orl%C3%A9ans ;;;;;;;;;;;;x
W_L_100589;https://en.wikipedia.org/wiki/Louis-Hector_de_Calli%C3%A8re ;;;;;;;;;;;;x
W_L_100596;https://pl.wikipedia.org/wiki/Louis_Ph%C3%A9lypeaux_(1643%E2%80%931727) ;;;;;;;;;;;;x
W_L_100602;https://en.wikipedia.org/wiki/Louise_Fran%C3%A7oise,_Princess_of_Cond%C3%A9 ;;;;;;;;;;;;x
W_L_100603;https://en.wikipedia.org/wiki/Louise_de_La_Valli%C3%A8re ;;;;;;;;;;;;x
W_L_100604;https://en.wikipedia.org/wiki/Marie_Anne_de_Bourbon ;;;;;;;;;;;;x
W_L_100605;https://en.wikipedia.org/wiki/Louis_Armand_I,_Prince_of_Conti ;;;;;;;;;;;;x
W_L_100606;https://en.wikipedia.org/wiki/Louis,_Count_of_Vermandois ;;;;;;;;;;;;x

#### GERMAN ####
W_L_100022;https://en.wikipedia.org/wiki/Leopold_I,_Holy_Roman_Emperor ;;;;;;;;;;;;x
W_L_100044;https://en.wikipedia.org/wiki/Maria_Anna_Victoria_of_Bavaria ;;;;;;;;;;;;x
W_L_100054;https://en.wikipedia.org/wiki/Mariana_of_Austria ;;;;;;;;;;;;x
W_L_100055;https://en.wikipedia.org/wiki/Ferdinand_III,_Holy_Roman_Emperor ;;;;;;;;;;;;x
W_L_100056;https://en.wikipedia.org/wiki/Frederick_I_of_Prussia ;;;;;;;;;;;;x
W_L_100058;https://en.wikipedia.org/wiki/George_I_of_Great_Britain ;;;;;;;;;;;;x
W_L_100088;https://en.wikipedia.org/wiki/Maximilian_II_Emanuel ;;;;;;;;;;;;x
W_L_100090;https://en.wikipedia.org/wiki/Maria_Antonia_of_Austria ;;;;;;;;;;;;x
W_L_100091;https://en.wikipedia.org/wiki/Joseph_Ferdinand_of_Bavaria ;;;;;;;;;;;;x
W_L_100093;https://en.wikipedia.org/wiki/Charles_VII,_Holy_Roman_Emperor ;;;;;;;;;;;;x
W_L_100094;https://en.wikipedia.org/wiki/Ferdinand_Maria_Innocenz_of_Bavaria ;;;;;;;;;;;;x
W_L_100103;https://en.wikipedia.org/wiki/Margaret_of_Austria,_Queen_of_Spain ;;;;;;;;;;;;x
W_L_100104;https://en.wikipedia.org/wiki/Frederick_William,_the_Great_Elector ;;;;;;;;;;;;x
W_L_100106;https://en.wikipedia.org/wiki/Charles,_Electoral_Prince_of_Brandenburg ;;;;;;;;;;;;x
W_L_100107;https://en.wikipedia.org/wiki/Princess_Dorothea_Sophie_of_Schleswig-Holstein-Sonderburg-Gl%C3%BCcksburg ;;;;;;;;;;;;x
W_L_100108;https://en.wikipedia.org/wiki/Philip_William,_Margrave_of_Brandenburg-Schwedt ;;;;;;;;;;;;x
W_L_100109;https://en.wikipedia.org/wiki/Princess_Johanna_Charlotte_of_Anhalt-Dessau ;;;;;;;;;;;;x
W_L_100110;https://en.wikipedia.org/wiki/Marie_Amalie_of_Brandenburg ;;;;;;;;;;;;x
W_L_100111;https://en.wikipedia.org/wiki/Karl,_Hereditary_Prince_of_Mecklenburg-G%C3%BCstrow ;;;;;;;;;;;;x
W_L_100112;https://en.wikipedia.org/wiki/Moritz_Wilhelm,_Duke_of_Saxe-Zeitz ;;;;;;;;;;;;x
W_L_100113;https://en.wikipedia.org/wiki/Princess_Dorothea_Wilhelmine_of_Saxe-Zeitz ;;;;;;;;;;;;x
W_L_100114;https://en.wikipedia.org/wiki/Margrave_Albert_Frederick_of_Brandenburg-Schwedt ;;;;;;;;;;;;x
W_L_100115;https://en.wikipedia.org/wiki/Princess_Elisabeth_Sophie_of_Brandenburg ;;;;;;;;;;;;x
W_L_100116;https://en.wikipedia.org/wiki/Frederick_Casimir_Kettler ;;;;;;;;;;;;x
W_L_100117;https://en.wikipedia.org/wiki/Frederick_William,_Duke_of_Courland ;;;;;;;;;;;;x
W_L_100118;https://en.wikipedia.org/wiki/Margrave_Christian_Ludwig_of_Brandenburg-Schwedt ;;;;;;;;;;;;x
W_L_100119;https://en.wikipedia.org/wiki/Jacob_Kettler ;;;;;;;;;;;;x
W_L_100120;https://en.wikipedia.org/wiki/Ferdinand_Kettler ;;;;;;;;;;;;x
W_L_100121;https://en.wikipedia.org/wiki/Louise_Elisabeth_of_Courland ;;;;;;;;;;;;x
W_L_100122;https://en.wikipedia.org/wiki/Maria_Amalia_of_Courland ;;;;;;;;;;;;x
W_L_100123;https://en.wikipedia.org/wiki/Charles_I,_Landgrave_of_Hesse-Kassel ;;;;;;;;;;;;x
W_L_100124;https://en.wikipedia.org/wiki/Frederick_I_of_Sweden ;;;;;;;;;;;;x
W_L_100125;https://en.wikipedia.org/wiki/Sophie_Charlotte_of_Hesse-Kassel ;;;;;;;;;;;;x
W_L_100126;https://en.wikipedia.org/wiki/Marie_Louise_of_Hesse-Kassel ;;;;;;;;;;;;x
W_L_100127;https://en.wikipedia.org/wiki/Maximilian_of_Hesse-Kassel ;;;;;;;;;;;;x
W_L_100128;https://en.wikipedia.org/wiki/George_Charles_of_Hesse-Kassel ;;;;;;;;;;;;x
W_L_100129;https://en.wikipedia.org/wiki/Princess_Louise_Charlotte_of_Brandenburg ;;;;;;;;;;;;x
W_L_100130;https://en.wikipedia.org/wiki/Christiane_Eberhardine_of_Brandenburg-Bayreuth ;;;;;;;;;;;;x
W_L_100131;https://en.wikipedia.org/wiki/Augustus_III_of_Poland ;;;;;;;;;;;;x
W_L_100132;https://en.wikipedia.org/wiki/Christian_Ernst,_Margrave_of_Brandenburg-Bayreuth ;;;;;;;;;;;;x
W_L_100133;https://en.wikipedia.org/wiki/John_George_III,_Elector_of_Saxony ;;;;;;;;;;;;x
W_L_100135;https://en.wikipedia.org/wiki/John_George_IV ;;;;;;;;;;;;x
W_L_100139;https://en.wikipedia.org/wiki/Alexander_Sigismund_von_der_Pfalz-Neuburg ;;;;;;;;;;;;x
W_L_100140;https://en.wikipedia.org/wiki/Leopold_I,_Prince_of_Anhalt-Dessau ;;;;;;;;;;;;x
W_L_100149;https://en.wikipedia.org/wiki/Elizabeth_Charlotte,_Madame_Palatine ;;;;;;;;;;;;x
W_L_100159;https://en.wikipedia.org/wiki/Claudia_Felicitas_of_Austria ;;;;;;;;;;;;x
W_L_100160;https://en.wikipedia.org/wiki/Eleonore_Magdalene_of_Neuburg ;;;;;;;;;;;;x
W_L_100161;https://en.wikipedia.org/wiki/Philip_William,_Elector_Palatine ;;;;;;;;;;;;x
W_L_100163;https://en.wikipedia.org/wiki/Princess_Elisabeth_Amalie_of_Hesse-Darmstadt ;;;;;;;;;;;;x
W_L_100164;https://en.wikipedia.org/wiki/Johann_Wilhelm,_Elector_Palatine ;;;;;;;;;;;;x
W_L_100165;https://en.wikipedia.org/wiki/Maria_Anna_of_Neuburg ;;;;;;;;;;;;x
W_L_100166;https://en.wikipedia.org/wiki/Countess_Palatine_Hedwig_Elisabeth_of_Neuburg ;;;;;;;;;;;;x
W_L_100167;https://en.wikipedia.org/wiki/Maria_Karolina_Sobieska ;;;;;;;;;;;;x
W_L_100168;https://en.wikipedia.org/wiki/Maria_Sophia_of_Neuburg ;;;;;;;;;;;;x
W_L_100169;https://en.wikipedia.org/wiki/Charles_III_Philip ;;;;;;;;;;;;x
W_L_100170;https://en.wikipedia.org/wiki/Ludwig_Anton_von_Pfalz-Neuburg ;;;;;;;;;;;;x|
W_L_100171;https://en.wikipedia.org/wiki/Francis_Louis_of_Palatinate-Neuburg ;;;;;;;;;;;;x
W_L_100172;https://en.wikipedia.org/wiki/Frederick_Wilhelm_von_Pfalz-Neuburg ;;;;;;;;;;;;x
W_L_100173;https://en.wikipedia.org/wiki/Philip_William_August,_Count_Palatine_of_Neuburg ;;;;;;;;;;;;x
W_L_100174;https://en.wikipedia.org/wiki/Anna_Maria_Franziska_of_Saxe-Lauenburg ;;;;;;;;;;;;x
W_L_100175;https://en.wikipedia.org/wiki/Countess_Palatine_Maria_Anna_of_Neuburg ;;;;;;;;;;;;x
W_L_100177;https://en.wikipedia.org/wiki/Countess_Palatine_Dorothea_Sophie_of_Neuburg ;;;;;;;;;;;;x
W_L_100178;https://en.wikipedia.org/wiki/Countess_Palatine_Leopoldine_Eleonore_of_Neuburg ;;;;;;;;;;;;x
W_L_100179;https://en.wikipedia.org/wiki/Joseph_I,_Holy_Roman_Emperor ;;;;;;;;;;;;x
W_L_100180;https://en.wikipedia.org/wiki/Wilhelmine_Amalie_of_Brunswick-L%C3%BCneburg ;;;;;;;;;;;;x
W_L_100181;https://en.wikipedia.org/wiki/Maria_Josepha_of_Austria ;;;;;;;;;;;;x
W_L_100182;https://en.wikipedia.org/wiki/Archduchess_Maria_Elisabeth_of_Austria_(governor) ;;;;;;;;;;;;x
W_L_100183;https://en.wikipedia.org/wiki/Maria_Anna_of_Austria ;;;;;;;;;;;;x
W_L_100184;https://en.wikipedia.org/wiki/Archduchess_Maria_Theresa_of_Austria_(1684%E2%80%931696) ;;;;;;;;;;;;x
W_L_100185;https://en.wikipedia.org/wiki/Charles_VI,_Holy_Roman_Emperor ;;;;;;;;;;;;x
W_L_100186;https://en.wikipedia.org/wiki/Archduchess_Maria_Josepha_of_Austria_(1687%E2%80%931703) ;;;;;;;;;;;;x
W_L_100187;https://en.wikipedia.org/wiki/Archduchess_Maria_Magdalena_of_Austria ;;;;;;;;;;;;x
W_L_100188;https://en.wikipedia.org/wiki/Maria_Leopoldine_of_Austria ;;;;;;;;;;;;x
W_L_100189;https://en.wikipedia.org/wiki/Archduke_Charles_Joseph_of_Austria ;;;;;;;;;;;;x
W_L_100191;https://en.wikipedia.org/wiki/Eleonore_of_Austria,_Queen_of_Poland ;;;;;;;;;;;;x
W_L_100192;https://en.wikipedia.org/wiki/Archduchess_Maria_Anna_Josepha_of_Austria ;;;;;;;;;;;;x
W_L_100198;https://en.wikipedia.org/wiki/Charlotte_Amalie_of_Hesse-Kassel ;;;;;;;;;;;;x
W_L_100205;https://en.wikipedia.org/wiki/Amalia_of_Solms-Braunfels ;;;;;;;;;;;;x
W_L_100207;https://en.wikipedia.org/wiki/John_George_II,_Prince_of_Anhalt-Dessau ;;;;;;;;;;;;x
W_L_100208;https://en.wikipedia.org/wiki/Princess_Elisabeth_Albertine_of_Anhalt-Dessau ;;;;;;;;;;;;x
W_L_100209;https://en.wikipedia.org/wiki/Henriette_Amalie_of_Anhalt-Dessau_(1666%E2%80%931726) ;;;;;;;;;;;;x
W_L_100210;https://en.wikipedia.org/wiki/Henry_Casimir_II,_Prince_of_Nassau-Dietz ;;;;;;;;;;;;x
W_L_100211;https://en.wikipedia.org/wiki/Princess_Johanna_Charlotte_of_Anhalt-Dessau ;;;;;;;;;;;;x
W_L_100218;https://en.wikipedia.org/wiki/Frederick_V_of_the_Palatinate ;;;;;;;;;;;;x
W_L_100219;https://en.wikipedia.org/wiki/Sophia_of_Hanover ;;;;;;;;;;;;x
W_L_100220;https://en.wikipedia.org/wiki/Ernest_Augustus,_Elector_of_Hanover ;;;;;;;;;;;;x
W_L_100221;https://en.wikipedia.org/wiki/Maximilian_William_of_Brunswick-L%C3%BCneburg ;;;;;;;;;;;;x
W_L_100222;https://en.wikipedia.org/wiki/Sophia_Charlotte_of_Hanover ;;;;;;;;;;;;x
W_L_100223;https://en.wikipedia.org/wiki/Ernest_Augustus,_Duke_of_York_and_Albany ;;;;;;;;;;;;x
W_L_100224;https://en.wikipedia.org/wiki/Frederick_Henry,_Hereditary_Prince_of_the_Palatinate ;;;;;;;;;;;;x
W_L_100225;https://en.wikipedia.org/wiki/Charles_I_Louis ;;;;;;;;;;;;x
W_L_100226;https://en.wikipedia.org/wiki/Maurice_of_the_Palatinate ;;;;;;;;;;;;x
W_L_100227;https://en.wikipedia.org/wiki/Louise_Hollandine_of_the_Palatinate ;;;;;;;;;;;;x
W_L_100228;https://en.wikipedia.org/wiki/Edward,_Count_Palatine_of_Simmern ;;;;;;;;;;;;x
W_L_100229;https://en.wikipedia.org/wiki/Henriette_Marie_of_the_Palatinate ;;;;;;;;;;;;x
W_L_100230;https://en.wikipedia.org/wiki/Philip_Frederick_of_the_Palatinate ;;;;;;;;;;;;x
W_L_100231;https://en.wikipedia.org/wiki/Charlotte_of_the_Palatinate_(1628%E2%80%931631) ;;;;;;;;;;;;x
W_L_100232;https://en.wikipedia.org/wiki/Gustavus_Adolphus_of_the_Palatinate ;;;;;;;;;;;;x
W_L_100233;https://en.wikipedia.org/wiki/Sophia_Dorothea_of_Celle ;;;;;;;;;;;;x
W_L_100234;https://en.wikipedia.org/wiki/George_II_of_Great_Britain ;;;;;;;;;;;;x
W_L_100235;https://en.wikipedia.org/wiki/Sophia_Dorothea_of_Hanover ;;;;;;;;;;;;x
W_L_100237;https://en.wikipedia.org/wiki/Joseph_Clemens_of_Bavaria ;;;;;;;;;;;;x
W_L_100242;https://en.wikipedia.org/wiki/Charlotte_Amalie_of_Hesse-Wanfried ;;;;;;;;;;;;x
W_L_100247;https://en.wikipedia.org/wiki/Eberhard_Louis,_Duke_of_W%C3%BCrttemberg ;;;;;;;;;;;;x
W_L_100248;https://en.wikipedia.org/wiki/Louis_William,_Margrave_of_Baden-Baden ;;;;;;;;;;;;x
W_L_100249;https://en.wikipedia.org/wiki/Sibylle_of_Saxe-Lauenburg ;;;;;;;;;;;;x
W_L_100250;https://en.wikipedia.org/wiki/Moritz_Wilhelm,_Duke_of_Saxe-Zeitz ;;;;;;;;;;;;x
W_L_100251;https://en.wikipedia.org/wiki/Johann_Philipp_von_Greifenclau_zu_Vollraths ;;;;;;;;;;;;x
W_L_100252;https://en.wikipedia.org/wiki/Frederick_William,_Duke_of_Mecklenburg-Schwerin ;;;;;;;;;;;;x
W_L_100253;https://en.wikipedia.org/wiki/Friedrich_Christian_von_Plettenberg ;;;;;;;;;;;;x
W_L_100255;https://en.wikipedia.org/wiki/Johann_Hugo_von_Orsbeck ;;;;;;;;;;;;x
W_L_100257;https://en.wikipedia.org/wiki/Lothar_Franz_von_Sch%C3%B6nborn ;;;;;;;;;;;;x
W_L_100258;https://en.wikipedia.org/wiki/Wilhelm_Egon_von_F%C3%BCrstenberg ;;;;;;;;;;;;x
W_L_100264;https://en.wikipedia.org/wiki/Philip_the_Handsome ;;;;;;;;;;;;x
W_L_100270;https://en.wikipedia.org/wiki/Charles_V,_Holy_Roman_Emperor ;;;;;;;;;;;;x
W_L_100273;https://en.wikipedia.org/wiki/Philip_II_of_Spain ;;;;;;;;;;;;x
W_L_100274;https://en.wikipedia.org/wiki/Maria_of_Austria,_Holy_Roman_Empress ;;;;;;;;;;;;x
W_L_100275;https://en.wikipedia.org/wiki/Joanna_of_Austria,_Princess_of_Portugal ;;;;;;;;;;;;x
W_L_100276;https://en.wikipedia.org/wiki/Isabella_of_Austria ;;;;;;;;;;;;x
W_L_100277;https://en.wikipedia.org/wiki/Ferdinand_I,_Holy_Roman_Emperor ;;;;;;;;;;;;x
W_L_100278;https://en.wikipedia.org/wiki/Mary_of_Hungary_(governor_of_the_Netherlands) ;;;;;;;;;;;;x
W_L_100279;https://en.wikipedia.org/wiki/Catherine_of_Austria,_Queen_of_Portugal ;;;;;;;;;;;;x
W_L_100286;https://en.wikipedia.org/wiki/Elizabeth_of_Austria_(1526%E2%80%931545) ;;;;;;;;;;;;x
W_L_100287;https://en.wikipedia.org/wiki/Maximilian_II,_Holy_Roman_Emperor ;;;;;;;;;;;;x
W_L_100288;https://en.wikipedia.org/wiki/Anna_of_Austria,_Queen_of_Spain ;;;;;;;;;;;;x
W_L_100289;https://en.wikipedia.org/wiki/Archduke_Ernest_of_Austria ;;;;;;;;;;;;x
W_L_100290;https://en.wikipedia.org/wiki/Elisabeth_of_Austria,_Queen_of_France ;;;;;;;;;;;;x
W_L_100291;https://en.wikipedia.org/wiki/Albert_VII,_Archduke_of_Austria ;;;;;;;;;;;;x
W_L_100292;https://en.wikipedia.org/wiki/Archduke_Wenceslaus_of_Austria ;;;;;;;;;;;;x
W_L_100293;https://en.wikipedia.org/wiki/Archduchess_Margaret_of_Austria_(1567%E2%80%931633) ;;;;;;;;;;;;x
W_L_100294;https://en.wikipedia.org/wiki/Joanna_of_Austria,_Grand_Duchess_of_Tuscany ;;;;;;;;;;;;x
W_L_100300;https://en.wikipedia.org/wiki/Archduchess_Helena_of_Austria_(1543%E2%80%931574) ;;;;;;;;;;;;x
W_L_100301;https://en.wikipedia.org/wiki/Charles_II,_Archduke_of_Austria ;;;;;;;;;;;;x
W_L_100302;https://en.wikipedia.org/wiki/Maria_Anna_of_Bavaria_(born_1551) ;;;;;;;;;;;;x
W_L_100303;https://en.wikipedia.org/wiki/Anne_of_Austria,_Queen_of_Poland ;;;;;;;;;;;;x
W_L_100305;https://en.wikipedia.org/wiki/Constance_of_Austria ;;;;;;;;;;;;x
W_L_100310;https://en.wikipedia.org/wiki/Maria_Christina,_Princess_of_Transylvania ;;;;;;;;;;;;x
W_L_100311;https://en.wikipedia.org/wiki/Archduchess_Gregoria_Maximiliana_of_Austria ;;;;;;;;;;;;x
W_L_100312;https://en.wikipedia.org/wiki/Archduchess_Catherine_Renata_of_Austria ;;;;;;;;;;;;x
W_L_100313;https://en.wikipedia.org/wiki/Ferdinand_II,_Holy_Roman_Emperor ;;;;;;;;;;;;x
W_L_100314;https://en.wikipedia.org/wiki/Maria_Anna_of_Bavaria_(born_1574) ;;;;;;;;;;;;x
W_L_100315;https://en.wikipedia.org/wiki/Archduchess_Maria_Anna_of_Austria_(born_1610) ;;;;;;;;;;;;x
W_L_100316;https://en.wikipedia.org/wiki/Maximilian_I,_Elector_of_Bavaria ;;;;;;;;;;;;x
W_L_100317;https://en.wikipedia.org/wiki/Ferdinand_Maria,_Elector_of_Bavaria ;;;;;;;;;;;;x
W_L_100319;https://en.wikipedia.org/wiki/Violante_Beatrice_of_Bavaria ;;;;;;;;;;;;x
W_L_100320;https://en.wikipedia.org/wiki/Cecilia_Renata_of_Austria ;;;;;;;;;;;;x
W_L_100322;https://en.wikipedia.org/wiki/Archduke_Leopold_Wilhelm_of_Austria ;;;;;;;;;;;;x
W_L_100323;https://en.wikipedia.org/wiki/Archduchess_Eleanor_of_Austria_(1582%E2%80%931620) ;;;;;;;;;;;;x
W_L_100324;https://en.wikipedia.org/wiki/Archduke_Maximilian_Ernest_of_Austria ;;;;;;;;;;;;x
W_L_100325;https://en.wikipedia.org/wiki/Leopold_V,_Archduke_of_Austria ;;;;;;;;;;;;x
W_L_100327;https://en.wikipedia.org/wiki/Ferdinand_Charles,_Archduke_of_Austria ;;;;;;;;;;;;x
W_L_100329;https://en.wikipedia.org/wiki/Archduchess_Isabella_Clara_of_Austria ;;;;;;;;;;;;x
W_L_100332;https://en.wikipedia.org/wiki/Sigismund_Francis,_Archduke_of_Austria ;;;;;;;;;;;;x
W_L_100333;https://en.wikipedia.org/wiki/Archduchess_Maria_Maddalena_of_Austria ;;;;;;;;;;;;x
W_L_100335;https://en.wikipedia.org/wiki/Charles_of_Austria,_Bishop_of_Wroclaw ;;;;;;;;;;;;x
W_L_100340;https://en.wikipedia.org/wiki/Catherine_of_Austria,_Queen_of_Poland ;;;;;;;;;;;;x
W_L_100341;https://en.wikipedia.org/wiki/Elisabeth_of_Lorraine,_Electress_of_Bavaria ;;;;;;;;;;;;x
W_L_100345;https://en.wikipedia.org/wiki/Rudolf_II,_Holy_Roman_Emperor ;;;;;;;;;;;;x
W_L_100346;https://en.wikipedia.org/wiki/Matthias,_Holy_Roman_Emperor ;;;;;;;;;;;;x
W_L_100347;https://en.wikipedia.org/wiki/Maximilian_III,_Archduke_of_Austria ;;;;;;;;;;;;x
W_L_100348;https://en.wikipedia.org/wiki/Archduchess_Anna_of_Austria ;;;;;;;;;;;;x
W_L_100349;https://en.wikipedia.org/wiki/William_V,_Duke_of_Bavaria ;;;;;;;;;;;;x
W_L_100350;https://en.wikipedia.org/wiki/Albert_V,_Duke_of_Bavaria ;;;;;;;;;;;;x
W_L_100351;https://en.wikipedia.org/wiki/Renata_of_Lorraine ;;;;;;;;;;;;x
W_L_100353;https://en.wikipedia.org/wiki/Philipp_of_Bavaria ;;;;;;;;;;;;x
W_L_100354;https://en.wikipedia.org/wiki/Albert_VI,_Duke_of_Bavaria ;;;;;;;;;;;;x
W_L_100355;https://en.wikipedia.org/wiki/Ferdinand_of_Bavaria_(bishop) ;;;;;;;;;;;;x
W_L_100356;https://en.wikipedia.org/wiki/Maria_of_Austria,_Duchess_of_J%C3%BClich-Cleves-Berg ;;;;;;;;;;;;x
W_L_100357;https://en.wikipedia.org/wiki/Archduchess_Magdalena_of_Austria ;;;;;;;;;;;;x
W_L_100358;https://en.wikipedia.org/wiki/Archduchess_Barbara_of_Austria ;;;;;;;;;;;;x
W_L_100361;https://en.wikipedia.org/wiki/Eleonore_Batthy%C3%A1ny-Strattmann ;;;;;;;;;;;;x
W_L_100366;https://en.wikipedia.org/wiki/Charles_Henri,_Prince_of_Commercy ;;;;;;;;;;;;x
W_L_100371;https://en.wikipedia.org/wiki/Louis_Crato,_Count_of_Nassau-Saarbr%C3%BCcken ;;;;;;;;;;;;x
W_L_100375;https://en.wikipedia.org/wiki/Wolfgang_Wilhelm,_Count_Palatine_of_Neuburg ;;;;;;;;;;;;x
W_L_100376;https://en.wikipedia.org/wiki/Magdalene_of_Bavaria ;;;;;;;;;;;;x
W_L_100389;https://en.wikipedia.org/wiki/George_of_Hesse-Darmstadt ;;;;;;;;;;;;x
W_L_100390;https://en.wikipedia.org/wiki/Erik_Dahlbergh ;;;;;;;;;;;;x
W_L_100414;https://en.wikipedia.org/wiki/Maximilian_I,_Holy_Roman_Emperor ;;;;;;;;;;;;x
W_L_100418;https://en.wikipedia.org/wiki/Maximilian_I,_Holy_Roman_Emperor ;;;;;;;;;;;;x
W_L_100420;https://en.wikipedia.org/wiki/William,_Duke_of_J%C3%BClich-Cleves-Berg ;;;;;;;;;;;;x
W_L_100426;https://en.wikipedia.org/wiki/Anna_of_Saxony ;;;;;;;;;;;;x
W_L_100433;https://en.wikipedia.org/wiki/Frederick_IV,_Elector_Palatine ;;;;;;;;;;;;x
W_L_100497;https://en.wikipedia.org/wiki/Maurice_de_Saxe ;;;;;;;;;;;;x
W_L_100517;https://en.wikipedia.org/wiki/Duchess_Charlotte_Felicitas_of_Brunswick-L%C3%BCneburg ;;;;;;;;;;;;x
W_L_100518;https://en.wikipedia.org/wiki/John_Frederick,_Duke_of_Brunswick ;;;;;;;;;;;;x
W_L_100519;https://en.wikipedia.org/wiki/Benedicta_Henrietta_of_the_Palatinate ;;;;;;;;;;;;x
W_L_100539;https://en.wikipedia.org/wiki/Louise_of_Mecklenburg-G%C3%BCstrow ;;;;;;;;;;;;x

### CASTILLAN ###
W_L_100042;https://en.wikipedia.org/wiki/Maria_Theresa_of_Spain ;;;;;;;;;;;;x
W_L_100049;https://en.wikipedia.org/wiki/Charles_II_of_Spain ;;;;;;;;;;;;x
W_L_100052;https://en.wikipedia.org/wiki/Philip_IV_of_Spain ;;;;;;;;;;;;x
W_L_100100;https://en.wikipedia.org/wiki/Margaret_Theresa_of_Spain ;;;;;;;;;;;;x
W_L_100101;https://en.wikipedia.org/wiki/Maria_Anna_of_Spain ;;;;;;;;;;;;x
W_L_100102;https://en.wikipedia.org/wiki/Philip_III_of_Spain ;;;;;;;;;;;;x
W_L_100265;https://en.wikipedia.org/wiki/Joanna_of_Castile ;;;;;;;;;;;;x
W_L_100266;https://en.wikipedia.org/wiki/Eleanor_of_Austria ;;;;;;;;;;;;x
W_L_100272;https://en.wikipedia.org/wiki/Maria_of_Aragon,_Queen_of_Portugal ;;;;;;;;;;;;x
W_L_100282;https://en.wikipedia.org/wiki/Carlos,_Prince_of_Asturias ;;;;;;;;;;;;x
W_L_100343;https://en.wikipedia.org/wiki/Isabella_Clara_Eugenia ;;;;;;;;;;;;x
W_L_100344;https://en.wikipedia.org/wiki/Catalina_Micaela_of_Spain ;;;;;;;;;;;;x
W_L_100401;https://en.wikipedia.org/wiki/Ramon_Perell%C3%B3s ;;;;;;;;;;;;x
W_L_100402;https://en.wikipedia.org/wiki/Pedro_Manuel_Col%C3%B3n_de_Portugal ;;;;;;;;;;;;x
W_L_100403;https://en.wikipedia.org/wiki/Luis_Francisco_de_la_Cerda,_9th_Duke_of_Medinaceli ;;;;;;;;;;;;x
W_L_100406;https://en.wikipedia.org/wiki/Mar%C3%ADa_Calder%C3%B3n ;;;;;;;;;;;;x
W_L_100407;https://en.wikipedia.org/wiki/John_Joseph_of_Austria ;;;;;;;;;;;;x
W_L_100408;https://en.wikipedia.org/wiki/Balthasar_Charles,_Prince_of_Asturias ;;;;;;;;;;;;x
W_L_100557;https://en.wikipedia.org/wiki/Cardinal-Infante_Ferdinand_of_Austria ;;;;;;;;;;;;x
W_L_100590;https://en.wikipedia.org/wiki/Jos%C3%A9_Sarmiento_de_Valladares,_1st_Duke_of_Atrisco ;;;;;;;;;;;;x
W_L_100040;https://en.wikipedia.org/wiki/Anne_of_Austria ;;;;;;;;;;;;x

#### ITALIAN ####
W_L_100003;https://en.wikipedia.org/wiki/Mary_of_Modena ;;;;;;;;;;;;x
W_L_100023;https://en.wikipedia.org/wiki/Pope_Innocent_XII ;;;;;;;;;;;;x
W_L_100026;https://en.wikipedia.org/wiki/Alfonso_IV_d%27Este ;;;;;;;;;;;;x
W_L_100027;https://en.wikipedia.org/wiki/Laura_Martinozzi ;;;;;;;;;;;;x
W_L_100028;https://en.wikipedia.org/wiki/Francesco_II_d%27Este ;;;;;;;;;;;;x
W_L_100029;https://en.wikipedia.org/wiki/Rinaldo_d%27Este_(1655%E2%80%931737) ;;;;;;;;;;;;x
W_L_100030;https://en.wikipedia.org/wiki/Francesco_I_d%27Este ;;;;;;;;;;;;x
W_L_100046;https://en.wikipedia.org/wiki/Marie_Ad%C3%A9la%C3%AFde_of_Savoy ;;;;;;;;;;;;x
W_L_100063;https://en.wikipedia.org/wiki/Cosimo_III_de%27_Medici ;;;;;;;;;;;;x
W_L_100147;https://en.wikipedia.org/wiki/Victor_Amadeus_II ;;;;;;;;;;;;x
W_L_100148;https://en.wikipedia.org/wiki/Maria_Luisa_Gabriella_of_Savoy ;;;;;;;;;;;;x
W_L_100176;https://en.wikipedia.org/wiki/Gian_Gastone_de%27_Medici ;;;;;;;;;;;;x
W_L_100190;https://en.wikipedia.org/wiki/Eleonora_Gonzaga_(born_1630) ;;;;;;;;;;;;x
W_L_100263;https://en.wikipedia.org/wiki/Silvestro_Valier ;;;;;;;;;;;;x
W_L_100295;https://en.wikipedia.org/wiki/Francesco_I_de%27_Medici ;;;;;;;;;;;;x
W_L_100296;https://en.wikipedia.org/wiki/Eleanor_de%27_Medici ;;;;;;;;;;;;x
W_L_100297;https://en.wikipedia.org/wiki/Marie_de%27_Medici ;;;;;;;;;;;;x
W_L_100318;https://en.wikipedia.org/wiki/Henriette_Adelaide_of_Savoy ;;;;;;;;;;;;x
W_L_100326;https://en.wikipedia.org/wiki/Claudia_de%27_Medici ;;;;;;;;;;;;x
W_L_100328;https://en.wikipedia.org/wiki/Anna_de%27_Medici,_Archduchess_of_Austria ;;;;;;;;;;;;x
W_L_100330;https://en.wikipedia.org/wiki/Charles_II_Gonzaga,_Duke_of_Mantua_and_Montferrat ;;;;;;;;;;;;x
W_L_100331;https://en.wikipedia.org/wiki/Cosimo_II_de%27_Medici ;;;;;;;;;;;;x
W_L_100334;https://en.wikipedia.org/wiki/Ferdinando_Carlo_Gonzaga ;;;;;;;;;;;;x
W_L_100359;https://en.wikipedia.org/wiki/Alfonso_II_d%27Este ;;;;;;;;;;;;x
W_L_100380;https://en.wikipedia.org/wiki/Francesco_Farnese ;;;;;;;;;;;;x
W_L_100383;https://en.wikipedia.org/wiki/Victor_Amadeus,_Prince_of_Piedmont ;;;;;;;;;;;;x
W_L_100384;https://en.wikipedia.org/wiki/Girolamo_De_Mari ;;;;;;;;;;;;x
W_L_100417;https://en.wikipedia.org/wiki/Bianca_Maria_Sforza ;;;;;;;;;;;;x
W_L_100509;https://en.wikipedia.org/wiki/Ferdinando_de%27_Medici,_Grand_Prince_of_Tuscany ;;;;;;;;;;;;x
W_L_100510;https://en.wikipedia.org/wiki/Anna_Maria_Luisa_de%27_Medici ;;;;;;;;;;;;x
W_L_100511;https://en.wikipedia.org/wiki/Maria_Caterina_Farnese ;;;;;;;;;;;;x
W_L_100512;https://en.wikipedia.org/wiki/Isabella_d%27Este,_Duchess_of_Parma ;;;;;;;;;;;;x
W_L_100513;https://en.wikipedia.org/wiki/Eleonora_d%27Este_(1643%E2%80%931722) ;;;;;;;;;;;;x
W_L_100514;https://en.wikipedia.org/wiki/Maria_d%27Este ;;;;;;;;;;;;x
W_L_100515;https://en.wikipedia.org/wiki/Vittoria_Farnese ;;;;;;;;;;;;x
W_L_100516;https://en.wikipedia.org/wiki/Lucrezia_Barberini ;;;;;;;;;;;;x
W_L_100520;https://en.wikipedia.org/wiki/Princess_Benedetta_d%27Este ;;;;;;;;;;;;x
W_L_100521;https://en.wikipedia.org/wiki/Francesco_III_d%27Este ;;;;;;;;;;;;x
W_L_100523;https://en.wikipedia.org/wiki/Princess_Amalia_d%27Este ;;;;;;;;;;;;x
W_L_100546;https://en.wikipedia.org/wiki/Anna_Isabella_Gonzaga ;;;;;;;;;;;;x

### DUTCH ####
W_L_100000;https://en.wikipedia.org/wiki/William_III_of_England ;;;;;;;;;;;;x
W_L_100006;https://en.wikipedia.org/wiki/William_II,_Prince_of_Orange ;;;;;;;;;;;;x
W_L_100010;https://en.wikipedia.org/wiki/Anthonie_Heinsius ;;;;;;;;;;;;x
W_L_100051;https://en.wikipedia.org/wiki/John_William_Friso ;;;;;;;;;;;;x
W_L_100074;https://en.wikipedia.org/wiki/Emilia_Butler,_Countess_of_Ossory ;;;;;;;;;;;;x
W_L_100105;https://en.wikipedia.org/wiki/Countess_Louise_Henriette_of_Nassau ;;;;;;;;;;;;x
W_L_100204;https://en.wikipedia.org/wiki/Frederick_Henry,_Prince_of_Orange ;;;;;;;;;;;;x
W_L_100206;https://en.wikipedia.org/wiki/Countess_Henriette_Catharina_of_Nassau ;;;;;;;;;;;;x
W_L_100212;https://en.wikipedia.org/wiki/Albertine_Agnes_of_Nassau ;;;;;;;;;;;;x
W_L_100213;https://en.wikipedia.org/wiki/William_Frederick,_Prince_of_Nassau-Dietz ;;;;;;;;;;;;x
W_L_100214;https://en.wikipedia.org/wiki/Maria_of_Orange-Nassau ;;;;;;;;;;;;x
W_L_100415;https://en.wikipedia.org/wiki/Mary_of_Burgundy ;;;;;;;;;;;;x
W_L_100419;https://en.wikipedia.org/wiki/Charles_II,_Duke_of_Guelders ;;;;;;;;;;;;x
W_L_100421;https://en.wikipedia.org/wiki/William_the_Silent ;;;;;;;;;;;;x
W_L_100422;https://en.wikipedia.org/wiki/Anna_van_Egmont ;;;;;;;;;;;;x
W_L_100423;https://en.wikipedia.org/wiki/Philip_William,_Prince_of_Orange ;;;;;;;;;;;;x
W_L_100425;https://en.wikipedia.org/wiki/Countess_Maria_of_Nassau_(1556%E2%80%931616) ;;;;;;;;;;;;x
W_L_100427;https://en.wikipedia.org/wiki/Countess_Anna_of_Nassau ;;;;;;;;;;;;x
W_L_100428;https://en.wikipedia.org/wiki/Maurice,_Prince_of_Orange ;;;;;;;;;;;;x
W_L_100429;https://en.wikipedia.org/wiki/Countess_Emilia_of_Nassau ;;;;;;;;;;;;x
W_L_100432;https://en.wikipedia.org/wiki/Countess_Louise_Juliana_of_Nassau ;;;;;;;;;;;;x
W_L_100434;https://en.wikipedia.org/wiki/Countess_Elisabeth_of_Nassau ;;;;;;;;;;;;x
W_L_100435;https://en.wikipedia.org/wiki/Countess_Catharina_Belgica_of_Nassau ;;;;;;;;;;;;x
W_L_100436;https://en.wikipedia.org/wiki/Countess_Catharina_Belgica_of_Nassau ;;;;;;;;;;;;x
W_L_100437;https://en.wikipedia.org/wiki/Countess_Charlotte_Brabantina_of_Nassau ;;;;;;;;;;;;x
W_L_100438;https://en.wikipedia.org/wiki/Countess_Emilia_Antwerpiana_of_Nassau ;;;;;;;;;;;;x
W_L_100583;https://en.wikipedia.org/wiki/Paulus_van_der_Veen ;;;;;;;;;;;;x
W_L_100595;https://en.wikipedia.org/wiki/Willem_Adriaan_van_der_Stel ;;;;;;;;;;;;x

#### POLISH ####
W_L_100061;https://en.wikipedia.org/wiki/Augustus_II_the_Strong ;;;;;;;;;;;;x
W_L_100092;https://en.wikipedia.org/wiki/Theresa_Kunegunda_Sobieska ;;;;;;;;;;;;x
W_L_100095;https://en.wikipedia.org/wiki/John_III_Sobieski ;;;;;;;;;;;;x
W_L_100097;https://en.wikipedia.org/wiki/James_Louis_Sobieski ;;;;;;;;;;;;x
W_L_100098;https://en.wikipedia.org/wiki/Aleksander_Benedykt_Sobieski ;;;;;;;;;;;;x
W_L_100099;https://en.wikipedia.org/wiki/Konstanty_W%C5%82adys%C5%82aw_Sobieski ;;;;;;;;;;;;x
W_L_100162;https://en.wikipedia.org/wiki/Anna_Catherine_Constance_Vasa ;;;;;;;;;;;;x
W_L_100193;https://en.wikipedia.org/wiki/Micha%C5%82_Korybut_Wi%C5%9Bniowiecki ;;;;;;;;;;;;x
W_L_100306;https://en.wikipedia.org/wiki/John_II_Casimir_Vasa ;;;;;;;;;;;;x
W_L_100307;https://en.wikipedia.org/wiki/W%C5%82adys%C5%82aw_IV_Vasa ;;;;;;;;;;;;x
W_L_100308;https://en.wikipedia.org/wiki/John_Albert_Vasa ;;;;;;;;;;;;x
W_L_100309;https://en.wikipedia.org/wiki/Karol_Ferdynand_Vasa ;;;;;;;;;;;;x
W_L_100321;https://en.wikipedia.org/wiki/Sigismund_Casimir_Vasa ;;;;;;;;;;;;x

#### SWEDISH ####
W_L_100059;https://en.wikipedia.org/wiki/Charles_XII_of_Sweden ;;;;;;;;;;;;x
W_L_100243;https://en.wikipedia.org/wiki/Charles_XI_of_Sweden ;;;;;;;;;;;;x
W_L_100245;https://en.wikipedia.org/wiki/Hedvig_Sophia_of_Sweden ;;;;;;;;;;;;x
W_L_100246;https://en.wikipedia.org/wiki/Ulrika_Eleonora_of_Sweden ;;;;;;;;;;;;x
W_L_100304;https://en.wikipedia.org/wiki/Sigismund_III_Vasa ;;;;;;;;;;;;x
W_L_100495;https://en.wikipedia.org/wiki/Olov_Svebilius ;;;;;;;;;;;;x
W_L_100496;https://en.wikipedia.org/wiki/Maria_Aurora_von_K%C3%B6nigsmarck ;;;;;;;;;;;;x
W_L_100501;https://en.wikipedia.org/wiki/Axel_Julius_De_la_Gardie ;;;;;;;;;;;;x
W_L_100542;https://en.wikipedia.org/wiki/Otto_Vellingk ;;;;;;;;;;;;x
W_L_100571;https://en.wikipedia.org/wiki/Carl_Gustav_Rehnski%C3%B6ld ;;;;;;;;;;;;x
W_L_100573;https://en.wikipedia.org/wiki/Nils_Gyllenstierna ;;;;;;;;;;;;x

#### RUSSIA ####
W_L_100060;https://en.wikipedia.org/wiki/Peter_the_Great ;;;;;;;;;;;;x
W_L_100157;https://en.wikipedia.org/wiki/Eudoxia_Lopukhina ;;;;;;;;;;;;x
W_L_100158;https://en.wikipedia.org/wiki/Alexei_Petrovich,_Tsarevich_of_Russia ;;;;;;;;;;;;x
W_L_100524;https://en.wikipedia.org/wiki/Alexis_of_Russia ;;;;;;;;;;;;x
W_L_100525;https://en.wikipedia.org/wiki/Maria_Miloslavskaya ;;;;;;;;;;;;x
W_L_100526;https://en.wikipedia.org/wiki/Yevdokia_Alekseyevna_of_Russia ;;;;;;;;;;;;x
W_L_100527;https://en.wikipedia.org/wiki/Marfa_Alekseyevna_of_Russia ;;;;;;;;;;;;x
W_L_100528;https://en.wikipedia.org/wiki/Tsarevich_Alexei_Alexeyevich_of_Russia ;;;;;;;;;;;;x
W_L_100529;https://en.wikipedia.org/wiki/Sophia_Alekseyevna_of_Russia ;;;;;;;;;;;;x
W_L_100530;https://en.wikipedia.org/wiki/Catherine_Alekseyevna_of_Russia ;;;;;;;;;;;;x
W_L_100531;https://en.wikipedia.org/wiki/Maria_Alekseyevna_of_Russia ;;;;;;;;;;;;x
W_L_100532;https://en.wikipedia.org/wiki/Ivan_V_of_Russia ;;;;;;;;;;;;x
W_L_100533;https://en.wikipedia.org/wiki/Tsarevna_Natalya_Alexeyevna_of_Russia ;;;;;;;;;;;;x
W_L_100534;https://en.wikipedia.org/wiki/Natalya_Naryshkina ;;;;;;;;;;;;x
W_L_100535;https://en.wikipedia.org/wiki/Maria_Alekseyevna_of_Russia ;;;;;;;;;;;;x
W_L_100536;https://en.wikipedia.org/wiki/Feodor_III_of_Russia ;;;;;;;;;;;;x
W_L_100540;https://en.wikipedia.org/wiki/Feodosia_Alekseyevna_of_Russia ;;;;;;;;;;;;x

#### SERBIAN ####
W_L_100545;https://en.wikipedia.org/wiki/Danilo_I,_Metropolitan_of_Cetinje ;;;;;;;;;;;;x
